SpectrumID	#Scan#	SpectrumFile	LibraryName	MQScore	TIC_Query	RT_Query	MZErrorPPM	SharedPeaks	MassDiff	SpecMZ	SpecCharge	FileScanUniqueID	UniqueID	NumberHits	Compound_Name	Ion_Source	Instrument	Compound_Source	PI	Data_Collector	Adduct	Precursor_MZ	ExactMass	Charge	CAS_Number	Pubmed_ID	Smiles	INCHI	INCHI_AUX	Library_Class	IonMode	Organism	LibMZ	UpdateWorkflowName	LibraryQualityString	tags	molecular_formula	InChIKey	InChIKey-Planar	superclass	class	subclass	npclassifier_superclass	npclassifier_class	npclassifier_pathway	library_usi
CCMSLIB00003135040	3778	spectra_filtered.mgf	GNPS-NIST14-MATCHES.mgf	0.980755	267900.0	0	2.71367	9	0.000518799	191.179	1	temp/spectra_filtered.mgf3778	3778	1	"Spectral Match to 2,4,7,9-Tetramethyl-5-decyne-4,7-diol from NIST14"	ESI	QqQ	Isolated	Data from Gabriel Haddad	Data deposited by mjmeehan	M+H-2H2O	191.18	0.0	1	126863	N/A	N/A	N/A	N/A	3	Positive	GNPS-NIST14-MATCHES	191.18	UPDATE-SINGLE-ANNOTATED-BRONZE	Bronze		N/A	N/A	N/A	N/A	N/A	N/A	N/A	N/A	N/A	mzspec:GNPS:GNPS-LIBRARY:CCMSLIB00003135040
CCMSLIB00010109104	1653	spectra_filtered.mgf	BERKELEY-LAB.mgf	0.980361	19622100.0	0	0.311974	6	0.00012207	391.284	1	temp/spectra_filtered.mgf1653	1653	1	DEHP CollisionEnergy:102040	LC-ESI	Orbitrap	Commercial	Trent Northen	JGI	M+H	391.284	0.0	1	N/A	N/A	CCCCC(CC)COC(=O)c1ccccc1C(=O)OCC(CC)CCCC	"""InChI=1S/C24H38O4/c1-5-9-13-19(7-3)17-27-23(25)21-15-11-12-16-22(21)24(26)28-18-20(8-4)14-10-6-2/h11-12,15-16,19-20H,5-10,13-14,17-18H2,1-4H3"""	N/A	3	Positive	BERKELEY-LAB	391.284	UPDATE-SINGLE-ANNOTATED-BRONZE	Bronze		C24H38O4	BJQHLKABXJIVAM-UHFFFAOYSA-N	BJQHLKABXJIVAM	Benzenoids	Benzene and substituted derivatives	Benzoic acids and derivatives	Phenolic acids (C6-C1)	Shikimic acids and derivatives|Simple phenolic acids	Shikimates and Phenylpropanoids	mzspec:GNPS:GNPS-LIBRARY:CCMSLIB00010109104
CCMSLIB00013576457	5813	spectra_filtered.mgf	CMMC-FOOD-BIOMARKERS.mgf	0.971698	945938.0	0	1.35068	6	0.000259399	192.051	1	temp/spectra_filtered.mgf5813	5813	1	Aconitic acid (known structural isomers: 1; isobaric peaks in run: 3)	LC-ESI	Orbitrap	Crude	Pieter Dorrestein	Julius	[M+NH4]+	192.051	174.016	1	N/A	N/A	C(C(=CC(=O)O)C(=O)O)C(=O)O	"InChI=1S/C6H6O6/c7-4(8)1-3(6(11)12)2-5(9)10/h1H,2H2,(H,7,8)(H,9,10)(H,11,12)"	"InChI=1S/C6H6O6/c7-4(8)1-3(6(11)12)2-5(9)10/h1H,2H2,(H,7,8)(H,9,10)(H,11,12) [M+NH4]+"	1	Positive	CMMC-FOOD-BIOMARKERS	192.051	UPDATE-SINGLE-ANNOTATED-GOLD	Gold		C6H6O6	GTZCVFVGUGFEME-UHFFFAOYSA-N	GTZCVFVGUGFEME	Organic acids and derivatives	Carboxylic acids and derivatives	Tricarboxylic acids and derivatives	Fatty Acids and Conjugates	Dicarboxylic acids	Fatty acids	mzspec:GNPS:GNPS-LIBRARY:CCMSLIB00013576457
CCMSLIB00010109104	3528	spectra_filtered.mgf	BERKELEY-LAB.mgf	0.97026	10012600.0	0	0.701941	6	0.000274658	391.284	1	temp/spectra_filtered.mgf3528	3528	1	DEHP CollisionEnergy:102040	LC-ESI	Orbitrap	Commercial	Trent Northen	JGI	M+H	391.284	0.0	1	N/A	N/A	CCCCC(CC)COC(=O)c1ccccc1C(=O)OCC(CC)CCCC	"""InChI=1S/C24H38O4/c1-5-9-13-19(7-3)17-27-23(25)21-15-11-12-16-22(21)24(26)28-18-20(8-4)14-10-6-2/h11-12,15-16,19-20H,5-10,13-14,17-18H2,1-4H3"""	N/A	3	Positive	BERKELEY-LAB	391.284	UPDATE-SINGLE-ANNOTATED-BRONZE	Bronze		C24H38O4	BJQHLKABXJIVAM-UHFFFAOYSA-N	BJQHLKABXJIVAM	Benzenoids	Benzene and substituted derivatives	Benzoic acids and derivatives	Phenolic acids (C6-C1)	Shikimic acids and derivatives|Simple phenolic acids	Shikimates and Phenylpropanoids	mzspec:GNPS:GNPS-LIBRARY:CCMSLIB00010109104
CCMSLIB00010109104	7807	spectra_filtered.mgf	BERKELEY-LAB.mgf	0.964583	4123960.0	0	0.857928	6	0.000335693	391.284	1	temp/spectra_filtered.mgf7807	7807	1	DEHP CollisionEnergy:102040	LC-ESI	Orbitrap	Commercial	Trent Northen	JGI	M+H	391.284	0.0	1	N/A	N/A	CCCCC(CC)COC(=O)c1ccccc1C(=O)OCC(CC)CCCC	"""InChI=1S/C24H38O4/c1-5-9-13-19(7-3)17-27-23(25)21-15-11-12-16-22(21)24(26)28-18-20(8-4)14-10-6-2/h11-12,15-16,19-20H,5-10,13-14,17-18H2,1-4H3"""	N/A	3	Positive	BERKELEY-LAB	391.284	UPDATE-SINGLE-ANNOTATED-BRONZE	Bronze		C24H38O4	BJQHLKABXJIVAM-UHFFFAOYSA-N	BJQHLKABXJIVAM	Benzenoids	Benzene and substituted derivatives	Benzoic acids and derivatives	Phenolic acids (C6-C1)	Shikimic acids and derivatives|Simple phenolic acids	Shikimates and Phenylpropanoids	mzspec:GNPS:GNPS-LIBRARY:CCMSLIB00010109104
CCMSLIB00012359577	31827	spectra_filtered.mgf	MSNLIB-POSITIVE.mgf	0.96235	1526920.0	0	1.39207	5	0.000350952	252.109	1	temp/spectra_filtered.mgf31827	31827	1	2'-deoxyadenosine	ESI	Orbitrap	Crude	Tomas Pluskal	Corinna Brungs	[M+H]+	252.109	251.102	1	N/A	N/A	Nc1c2ncn([C@H]3C[C@H](O)[C@@H](CO)O3)c2ncn1	"InChI=1S/C10H13N5O3/c11-9-8-10(13-3-12-9)15(4-14-8)7-1-5(17)6(2-16)18-7/h3-7,16-17H,1-2H2,(H2,11,12,13)/t5-,6+,7+/m0/s1"	OLXZPDWKRNYJJZ-RRKCRQDMSA-N	1	Positive	MSNLIB-POSITIVE	252.109	UPDATE-SINGLE-ANNOTATED-GOLD	Gold		C10H13N5O3	OLXZPDWKRNYJJZ-RRKCRQDMSA-N	OLXZPDWKRNYJJZ	"Nucleosides, nucleotides, and analogues"	Purine nucleosides	Purine 2'-deoxyribonucleosides	Nucleosides	Purine nucleos(t)ides	Carbohydrates	mzspec:GNPS:GNPS-LIBRARY:CCMSLIB00012359577
CCMSLIB00010113136	4887	spectra_filtered.mgf	BERKELEY-LAB.mgf	0.95722	9338060.0	0	1.32298	7	0.000549316	415.211	1	temp/spectra_filtered.mgf4887	4887	1	"""1-({[2-(2-furylmethyl)-5-methylpyrrolidinyl]amino}methylene)-7-[8-({[2-(2-fury lmethyl)pyrrolidinyl]amino}methylene)-1,6-dihydroxy-3-methyl-5-(methylethyl)-7 -oxo(2-naphthyl)]-3,8-dihydroxy-6-methyl-4-(methylethyl)naphthalen-2-one CollisionEnergy:102040"""	LC-ESI	Orbitrap	Commercial	Trent Northen	JGI	M+2H]	415.212	0.0	1	N/A	N/A	Cc1cc2c(c(O)c1-c1c(C)cc3c(c1O)C(=CNN1C(C)CCC1Cc1ccco1)C(=O)C(O)=C3C(C)C)C(=CNN1CCCC1Cc1ccco1)C(=O)C(O)=C2C(C)C	"""InChI=1S/C49H56N4O8/c1-25(2)38-34-19-27(5)40(46(56)42(34)36(44(54)48(38)58)23-50-52-16-8-11-30(52)21-32-12-9-17-60-32)41-28(6)20-35-39(26(3)4)49(59)45(55)37(43(35)47(41)57)24-51-53-29(7)14-15-31(53)22-33-13-10-18-61-33/h9-10,12-13,17-20,23-26,29-31,50-51,56-59H,8,11,14-16,21-22H2,1-7H3/b36-23-,37-24-"""	N/A	3	Positive	BERKELEY-LAB	415.212	UPDATE-SINGLE-ANNOTATED-BRONZE	Bronze		C49H56N4O8	OZMHKRBQDGOIDU-UHFFFAOYSA-N	OZMHKRBQDGOIDU	N/A	N/A	N/A				mzspec:GNPS:GNPS-LIBRARY:CCMSLIB00010113136
CCMSLIB00012446050	4511	spectra_filtered.mgf	MSNLIB-POSITIVE.mgf	0.956707	24690500.0	0	0.205639	10	9.15527E-05	445.212	1	temp/spectra_filtered.mgf4511	4511	1	Asperglaucide	ESI	Orbitrap	Crude	Tomas Pluskal	Corinna Brungs	[M+H]+	445.212	444.205	1	N/A	N/A	CC(=O)OCC(Cc1ccccc1)NC(=O)C(Cc1ccccc1)NC(=O)c1ccccc1	"InChI=1S/C27H28N2O4/c1-20(30)33-19-24(17-21-11-5-2-6-12-21)28-27(32)25(18-22-13-7-3-8-14-22)29-26(31)23-15-9-4-10-16-23/h2-16,24-25H,17-19H2,1H3,(H,28,32)(H,29,31)"	VZPAURMDJZOGHU-UHFFFAOYSA-N	1	Positive	MSNLIB-POSITIVE	445.212	UPDATE-SINGLE-ANNOTATED-GOLD	Gold		C27H28N2O4	VZPAURMDJZOGHU-UHFFFAOYSA-N	VZPAURMDJZOGHU	Organic acids and derivatives	Carboxylic acids and derivatives	"Amino acids, peptides, and analogues"	Small peptides	Dipeptides	Amino acids and Peptides	mzspec:GNPS:GNPS-LIBRARY:CCMSLIB00012446050
CCMSLIB00003142432	1800	spectra_filtered.mgf	GNPS-LIBRARY.mgf	0.954103	3827670.0	0	2.437	21	0.00195312	801.443	1	temp/spectra_filtered.mgf1800	1800	1	Beauvericin [+NH4+]	LC-ESI	Orbitrap	Crude	P Dorrestein	Daniel Petras	M+NH4	801.445	801.444	1	 	 	O=C1N(C)[C@H](C(=O)O[C@@H](C(=O)N([C@H](C(=O)O[C@@H](C(=O)N([C@H](C(=O)O[C@@H]1C(C)C)Cc2ccccc2)C)C(C)C)Cc3ccccc3)C)C(C)C)Cc4ccccc4	"InChI=1S/C45H57N3O9/c1-28(2)37-40(49)46(7)35(26-32-21-15-11-16-22-32)44(53)56-39(30(5)6)42(51)48(9)36(27-33-23-17-12-18-24-33)45(54)57-38(29(3)4)41(50)47(8)34(43(52)55-37)25-31-19-13-10-14-20-31/h10-24,28-30,34-39H,25-27H2,1-9H3/t34-,35-,36-,37+,38+,39+/m0/s1"	 	3	Positive	GNPS-LIBRARY	801.445	UPDATE-SINGLE-ANNOTATED-BRONZE	Bronze		C45H57N3O9	GYSCAQFHASJXRS-FFCOJMSVSA-N	GYSCAQFHASJXRS	Organic acids and derivatives	Peptidomimetics	Depsipeptides	Oligopeptides	Cyclic peptides|Depsipeptides	Amino acids and Peptides|Polyketides	mzspec:GNPS:GNPS-LIBRARY:CCMSLIB00003142432
CCMSLIB00000579701	25289	spectra_filtered.mgf	CASMI.mgf	0.951979	19834000.0	0	0.265084	5	6.10352E-05	230.248	1	temp/spectra_filtered.mgf25289	25289	1	"""N,N-Dimethyldodecylamine N-oxide"""	LC-ESI	Orbitrap	Commercial	CASMI	CASMI2016	M+H	230.248	0.0	1	N/A	14688	CCCCCCCCCCCC[N+](C)(C)[O-]	"""InChI=1S/C14H31NO/c1-4-5-6-7-8-9-10-11-12-13-14-15(2,3)16/h4-14H2,1-3H3"""		1	 Positive	CASMI	230.248	UPDATE-SINGLE-ANNOTATED-GOLD	Gold		N/A	SYELZBGXAIXKHU-UHFFFAOYSA-N	SYELZBGXAIXKHU	Organic nitrogen compounds	Organonitrogen compounds	Aminoxides	N/A	N/A	N/A	mzspec:GNPS:GNPS-LIBRARY:CCMSLIB00000579701
CCMSLIB00010114577	24418	spectra_filtered.mgf	BERKELEY-LAB.mgf	0.946091	607995.0	0	3.37647	7	0.00050354	149.133	1	temp/spectra_filtered.mgf24418	24418	1	(1R)-(-)-Nopol CollisionEnergy:102040	LC-ESI	Orbitrap	Commercial	Trent Northen	JGI	M+H-H2O	149.132	0.0	1	N/A	N/A	CC1(C)C2CC=C(CCO)C1C2	"""InChI=1S/C11H18O/c1-11(2)9-4-3-8(5-6-12)10(11)7-9/h3,9-10,12H,4-7H2,1-2H3/t9-,10?/m0/s1"""	N/A	3	Positive	BERKELEY-LAB	149.132	UPDATE-SINGLE-ANNOTATED-BRONZE	Bronze		C11H18O	ROKSAUSPJGWCSM-UHFFFAOYSA-N	ROKSAUSPJGWCSM	Lipids and lipid-like molecules	Prenol lipids	Monoterpenoids	Monoterpenoids	Pinane monoterpenoids	Terpenoids	mzspec:GNPS:GNPS-LIBRARY:CCMSLIB00010114577
CCMSLIB00003139061	53811	spectra_filtered.mgf	GNPS-NIST14-MATCHES.mgf	0.944252	11463400.0	0	158.221	5	0.0164719	104.091	0	temp/spectra_filtered.mgf53811	53811	1	Spectral Match to Choline cation from NIST14	ESI	Q-TOF	Isolated	Data from Sambles	Data deposited by rsilva	Cat	104.107	0.0	1	62497	N/A	N/A	N/A	N/A	3	Positive	GNPS-NIST14-MATCHES	104.107	UPDATE-SINGLE-ANNOTATED-BRONZE	Bronze		N/A	N/A	N/A	N/A	N/A	N/A	N/A	N/A	N/A	mzspec:GNPS:GNPS-LIBRARY:CCMSLIB00003139061
CCMSLIB00003139061	53802	spectra_filtered.mgf	GNPS-NIST14-MATCHES.mgf	0.944252	11463400.0	0	121.505	5	0.0126495	104.094	1	temp/spectra_filtered.mgf53802	53802	1	Spectral Match to Choline cation from NIST14	ESI	Q-TOF	Isolated	Data from Sambles	Data deposited by rsilva	Cat	104.107	0.0	1	62497	N/A	N/A	N/A	N/A	3	Positive	GNPS-NIST14-MATCHES	104.107	UPDATE-SINGLE-ANNOTATED-BRONZE	Bronze		N/A	N/A	N/A	N/A	N/A	N/A	N/A	N/A	N/A	mzspec:GNPS:GNPS-LIBRARY:CCMSLIB00003139061
CCMSLIB00003135237	53874	spectra_filtered.mgf	GNPS-NIST14-MATCHES.mgf	0.943656	1434610.0	0	5.6065	6	0.00114441	204.123	1	temp/spectra_filtered.mgf53874	53874	1	Spectral Match to Acetyl-DL-carnitine from NIST14	ESI	QqQ	Isolated	Data from Julia Gauglitz	Data deposited by fevargas	M+H	204.122	0.0	1	14992622	N/A	N/A	N/A	N/A	3	Positive	GNPS-NIST14-MATCHES	204.122	UPDATE-SINGLE-ANNOTATED-BRONZE	Bronze		N/A	N/A	N/A	N/A	N/A	N/A	N/A	N/A	N/A	mzspec:GNPS:GNPS-LIBRARY:CCMSLIB00003135237
CCMSLIB00000842021	11904	spectra_filtered.mgf	MASSBANKEU.mgf	0.940088	3062200.0	0	0.331356	5	7.62939E-05	230.248	1	temp/spectra_filtered.mgf11904	11904	1	"MassbankEU:SM876801 N,N-Dimethyldodecylamine N-oxide|Lauramine oxide|N,N-dimethyldodecan-1-amine oxide"	ESI	LC-ESI-QFT	Isolated	Massbank EU	Massbank	[M+H]+	230.248	0.0	1	1643-20-5	N/A	CCCCCCCCCCCC[N+](C)(C)[O-]	"1S/C14H31NO/c1-4-5-6-7-8-9-10-11-12-13-14-15(2,3)16/h4-14H2,1-3H3"	N/A	3	Positive	MASSBANKEU	230.248	UPDATE-SINGLE-ANNOTATED-BRONZE	Bronze		N/A	SYELZBGXAIXKHU-UHFFFAOYSA-N	SYELZBGXAIXKHU	Organic nitrogen compounds	Organonitrogen compounds	Aminoxides	N/A	N/A	N/A	mzspec:GNPS:GNPS-LIBRARY:CCMSLIB00000842021
CCMSLIB00003142432	3905	spectra_filtered.mgf	GNPS-LIBRARY.mgf	0.937976	3678920.0	0	2.28469	21	0.00183105	801.443	1	temp/spectra_filtered.mgf3905	3905	1	Beauvericin [+NH4+]	LC-ESI	Orbitrap	Crude	P Dorrestein	Daniel Petras	M+NH4	801.445	801.444	1	 	 	O=C1N(C)[C@H](C(=O)O[C@@H](C(=O)N([C@H](C(=O)O[C@@H](C(=O)N([C@H](C(=O)O[C@@H]1C(C)C)Cc2ccccc2)C)C(C)C)Cc3ccccc3)C)C(C)C)Cc4ccccc4	"InChI=1S/C45H57N3O9/c1-28(2)37-40(49)46(7)35(26-32-21-15-11-16-22-32)44(53)56-39(30(5)6)42(51)48(9)36(27-33-23-17-12-18-24-33)45(54)57-38(29(3)4)41(50)47(8)34(43(52)55-37)25-31-19-13-10-14-20-31/h10-24,28-30,34-39H,25-27H2,1-9H3/t34-,35-,36-,37+,38+,39+/m0/s1"	 	3	Positive	GNPS-LIBRARY	801.445	UPDATE-SINGLE-ANNOTATED-BRONZE	Bronze		C45H57N3O9	GYSCAQFHASJXRS-FFCOJMSVSA-N	GYSCAQFHASJXRS	Organic acids and derivatives	Peptidomimetics	Depsipeptides	Oligopeptides	Cyclic peptides|Depsipeptides	Amino acids and Peptides|Polyketides	mzspec:GNPS:GNPS-LIBRARY:CCMSLIB00003142432
CCMSLIB00003137318	6095	spectra_filtered.mgf	GNPS-NIST14-MATCHES.mgf	0.934839	2301060.0	0	1.27075	15	0.000610352	480.309	1	temp/spectra_filtered.mgf6095	6095	1	Spectral Match to 1-(9Z-Octadecenoyl)-sn-glycero-3-phosphoethanolamine from NIST14	ESI	qTof	Isolated	Data from Pieter Dorrestein	Data deposited by lfnothias	M+H	480.308	479.301	1	89576294	N/A	CCCCCCCC/C=C\CCCCCCCC(=O)OC[C@H](COP(=O)(O)OCCN)O	"InChI=1S/C23H46NO7P/c1-2-3-4-5-6-7-8-9-10-11-12-13-14-15-16-17-23(26)29-20-22(25)21-31-32(27,28)30-19-18-24/h9-10,22,25H,2-8,11-21,24H2,1H3,(H,27,28)/b10-9-/t22-/m1/s1"	N/A	3	Positive	GNPS-NIST14-MATCHES	480.308	UPDATE-SINGLE-ANNOTATED-BRONZE	Bronze		C23H46NO7P	PYVRVRFVLRNJLY-MZMPXXGTSA-N	PYVRVRFVLRNJLY	Lipids and lipid-like molecules	Glycerophospholipids	Glycerophosphoethanolamines	Glycerophospholipids	Glycerophosphoethanolamines	Fatty acids	mzspec:GNPS:GNPS-LIBRARY:CCMSLIB00003137318
CCMSLIB00003135619	3200	spectra_filtered.mgf	GNPS-NIST14-MATCHES.mgf	0.93373	732128.0	0	1.83686	10	0.000610352	332.28	1	temp/spectra_filtered.mgf3200	3200	1	"Spectral Match to Decynediol, tetramethyl, di(2-hydroxyethyl) ether from NIST14"	ESI	QQQ	Isolated	Data from Gabriel Haddad	Data deposited by mjmeehan	M+NH4	332.279	314.246	1	25597335	N/A	CC(C)CC(C)(C#CC(C)(CC(C)C)OCCO)OCCO	"InChI=1S/C18H34O4/c1-15(2)13-17(5,21-11-9-19)7-8-18(6,14-16(3)4)22-12-10-20/h15-16,19-20H,9-14H2,1-6H3"	N/A	3	Positive	GNPS-NIST14-MATCHES	332.279	UPDATE-SINGLE-ANNOTATED-BRONZE	Bronze		N/A	JIMHRFRMUJZRFD-UHFFFAOYSA-N	JIMHRFRMUJZRFD	Organic oxygen compounds	Organooxygen compounds	Carbonyl compounds	N/A	N/A	N/A	mzspec:GNPS:GNPS-LIBRARY:CCMSLIB00003135619
CCMSLIB00003139724	25742	spectra_filtered.mgf	GNPS-NIST14-MATCHES.mgf	0.933688	29129300.0	0	1.01661	5	0.000198364	195.123	1	temp/spectra_filtered.mgf25742	25742	1	Spectral Match to Tetraethylene glycol from NIST14	ESI	Q-TOF	Isolated	Data from Maria Maansson	Data deposited by marjo	M+H	195.123	0.0	1	112607	N/A	N/A	N/A	N/A	3	Positive	GNPS-NIST14-MATCHES	195.123	UPDATE-SINGLE-ANNOTATED-BRONZE	Bronze		N/A	N/A	N/A	N/A	N/A	N/A	N/A	N/A	N/A	mzspec:GNPS:GNPS-LIBRARY:CCMSLIB00003139724
CCMSLIB00000842021	20147	spectra_filtered.mgf	MASSBANKEU.mgf	0.933175	3236910.0	0	0.198813	5	4.57764E-05	230.248	1	temp/spectra_filtered.mgf20147	20147	1	"MassbankEU:SM876801 N,N-Dimethyldodecylamine N-oxide|Lauramine oxide|N,N-dimethyldodecan-1-amine oxide"	ESI	LC-ESI-QFT	Isolated	Massbank EU	Massbank	[M+H]+	230.248	0.0	1	1643-20-5	N/A	CCCCCCCCCCCC[N+](C)(C)[O-]	"1S/C14H31NO/c1-4-5-6-7-8-9-10-11-12-13-14-15(2,3)16/h4-14H2,1-3H3"	N/A	3	Positive	MASSBANKEU	230.248	UPDATE-SINGLE-ANNOTATED-BRONZE	Bronze		N/A	SYELZBGXAIXKHU-UHFFFAOYSA-N	SYELZBGXAIXKHU	Organic nitrogen compounds	Organonitrogen compounds	Aminoxides	N/A	N/A	N/A	mzspec:GNPS:GNPS-LIBRARY:CCMSLIB00000842021
CCMSLIB00012446050	2653	spectra_filtered.mgf	MSNLIB-POSITIVE.mgf	0.930722	3146980.0	0	0.137092	10	6.10352E-05	445.212	1	temp/spectra_filtered.mgf2653	2653	1	Asperglaucide	ESI	Orbitrap	Crude	Tomas Pluskal	Corinna Brungs	[M+H]+	445.212	444.205	1	N/A	N/A	CC(=O)OCC(Cc1ccccc1)NC(=O)C(Cc1ccccc1)NC(=O)c1ccccc1	"InChI=1S/C27H28N2O4/c1-20(30)33-19-24(17-21-11-5-2-6-12-21)28-27(32)25(18-22-13-7-3-8-14-22)29-26(31)23-15-9-4-10-16-23/h2-16,24-25H,17-19H2,1H3,(H,28,32)(H,29,31)"	VZPAURMDJZOGHU-UHFFFAOYSA-N	1	Positive	MSNLIB-POSITIVE	445.212	UPDATE-SINGLE-ANNOTATED-GOLD	Gold		C27H28N2O4	VZPAURMDJZOGHU-UHFFFAOYSA-N	VZPAURMDJZOGHU	Organic acids and derivatives	Carboxylic acids and derivatives	"Amino acids, peptides, and analogues"	Small peptides	Dipeptides	Amino acids and Peptides	mzspec:GNPS:GNPS-LIBRARY:CCMSLIB00012446050
CCMSLIB00013038900	60075	spectra_filtered.mgf	MSNLIB-POSITIVE.mgf	0.929677	451886.0	0	1.49078	5	0.000198364	133.061	1	temp/spectra_filtered.mgf60075	60075	1	L-asparagine	ESI	Orbitrap	Commercial	Tomas Pluskal	Corinna Brungs	[M+H]+	133.061	132.053	1	N/A	N/A	NC(=O)C[C@H](N)C(=O)O	"InChI=1S/C4H8N2O3/c5-2(4(8)9)1-3(6)7/h2H,1,5H2,(H2,6,7)(H,8,9)/t2-/m0/s1"	DCXYFEDJOCDNAF-REOHCLBHSA-N	1	Positive	MSNLIB-POSITIVE	133.061	UPDATE-SINGLE-ANNOTATED-GOLD	Gold		C4H8N2O3	DCXYFEDJOCDNAF-REOHCLBHSA-N	DCXYFEDJOCDNAF	Organic acids and derivatives	Carboxylic acids and derivatives	"Amino acids, peptides, and analogues"	Small peptides	Aminoacids	Amino acids and Peptides	mzspec:GNPS:GNPS-LIBRARY:CCMSLIB00013038900
CCMSLIB00006678082	16914	spectra_filtered.mgf	GNPS-LIBRARY.mgf	0.927178	3079830.0	0	1.50266	15	0.0010376	690.507	1	temp/spectra_filtered.mgf16914	16914	1	PE-DAG (16:0/16:1)	LC-ESI	Orbitrap	Other	S Ding	Su Ding	M+H	690.506	690.508	1	N/A	N/A	N/A	N/A	N/A	3	Positive	GNPS-LIBRARY	690.506	UPDATE-SINGLE-ANNOTATED-BRONZE	Bronze		N/A	N/A	N/A	N/A	N/A	N/A	N/A	N/A	N/A	mzspec:GNPS:GNPS-LIBRARY:CCMSLIB00006678082
CCMSLIB00006678082	13391	spectra_filtered.mgf	GNPS-LIBRARY.mgf	0.926805	6283130.0	0	1.50266	17	0.0010376	690.507	1	temp/spectra_filtered.mgf13391	13391	1	PE-DAG (16:0/16:1)	LC-ESI	Orbitrap	Other	S Ding	Su Ding	M+H	690.506	690.508	1	N/A	N/A	N/A	N/A	N/A	3	Positive	GNPS-LIBRARY	690.506	UPDATE-SINGLE-ANNOTATED-BRONZE	Bronze		N/A	N/A	N/A	N/A	N/A	N/A	N/A	N/A	N/A	mzspec:GNPS:GNPS-LIBRARY:CCMSLIB00006678082
CCMSLIB00012445589	26002	spectra_filtered.mgf	MSNLIB-POSITIVE.mgf	0.925462	1019090.0	0	0.158845	13	0.00012207	768.489	1	temp/spectra_filtered.mgf26002	26002	1	Monactin	ESI	Orbitrap	Crude	Tomas Pluskal	Corinna Brungs	[M+NH4]+	768.489	750.455	1	N/A	N/A	CC[C@@H]1C[C@H]2CC[C@H](O2)[C@H](C)C(=O)O[C@@H](C)C[C@@H]2CC[C@@H](O2)[C@@H](C)C(=O)O[C@H](C)C[C@H]2CC[C@H](O2)[C@H](C)C(=O)O[C@@H](C)C[C@@H]2CC[C@@H](O2)[C@@H](C)C(=O)O1	"InChI=1S/C41H66O12/c1-9-29-21-33-13-17-36(52-33)27(7)40(44)48-23(3)19-31-11-15-34(50-31)25(5)38(42)46-22(2)18-30-10-14-35(49-30)26(6)39(43)47-24(4)20-32-12-16-37(51-32)28(8)41(45)53-29/h22-37H,9-21H2,1-8H3/t22-,23+,24+,25-,26+,27+,28-,29-,30-,31+,32+,33-,34-,35+,36+,37-/m1/s1"	YPUPRVWRYDPGCW-IDBRQATOSA-N	1	Positive	MSNLIB-POSITIVE	768.489	UPDATE-SINGLE-ANNOTATED-GOLD	Gold		C41H66O12	YPUPRVWRYDPGCW-IDBRQATOSA-N	YPUPRVWRYDPGCW	N/A	N/A	N/A	Polyethers	Macrotetrolides	Polyketides	mzspec:GNPS:GNPS-LIBRARY:CCMSLIB00012445589
CCMSLIB00003139724	17721	spectra_filtered.mgf	GNPS-NIST14-MATCHES.mgf	0.923699	4777940.0	0	77.1061	5	0.0150452	195.138	1	temp/spectra_filtered.mgf17721	17721	1	Spectral Match to Tetraethylene glycol from NIST14	ESI	Q-TOF	Isolated	Data from Maria Maansson	Data deposited by marjo	M+H	195.123	0.0	1	112607	N/A	N/A	N/A	N/A	3	Positive	GNPS-NIST14-MATCHES	195.123	UPDATE-SINGLE-ANNOTATED-BRONZE	Bronze		N/A	N/A	N/A	N/A	N/A	N/A	N/A	N/A	N/A	mzspec:GNPS:GNPS-LIBRARY:CCMSLIB00003139724
CCMSLIB00006678082	20326	spectra_filtered.mgf	GNPS-LIBRARY.mgf	0.920796	3549250.0	0	1.50266	16	0.0010376	690.507	1	temp/spectra_filtered.mgf20326	20326	1	PE-DAG (16:0/16:1)	LC-ESI	Orbitrap	Other	S Ding	Su Ding	M+H	690.506	690.508	1	N/A	N/A	N/A	N/A	N/A	3	Positive	GNPS-LIBRARY	690.506	UPDATE-SINGLE-ANNOTATED-BRONZE	Bronze		N/A	N/A	N/A	N/A	N/A	N/A	N/A	N/A	N/A	mzspec:GNPS:GNPS-LIBRARY:CCMSLIB00006678082
CCMSLIB00000221659	47693	spectra_filtered.mgf	MASSBANK.mgf	0.919469	14207300.0	0	0.462031	5	6.10352E-05	132.102	1	temp/spectra_filtered.mgf47693	47693	1	Massbank:PB000393 Leucine|2-amino-4-methylpentanoic acid	ESI	LC-ESI-QTOF	Isolated	Putative Massbank Match	Massbank	[M+H]+	132.102	0.0	1	N/A	N/A	CC(C)CC(C(=O)O)N	"1S/C6H13NO2/c1-4(2)3-5(7)6(8)9/h4-5H,3,7H2,1-2H3,(H,8,9)"	N/A	3	Positive	MASSBANK	132.102	UPDATE-SINGLE-ANNOTATED-BRONZE	Bronze		C6H13NO2	ROHFNLRQFUQHCH-UHFFFAOYSA-N	ROHFNLRQFUQHCH	Organic acids and derivatives	Carboxylic acids and derivatives	"Amino acids, peptides, and analogues"	Small peptides	Aminoacids	Amino acids and Peptides	mzspec:GNPS:GNPS-LIBRARY:CCMSLIB00000221659
CCMSLIB00003139689	24973	spectra_filtered.mgf	GNPS-NIST14-MATCHES.mgf	0.918941	1886100.0	0	0.201528	13	9.15527E-05	454.293	1	temp/spectra_filtered.mgf24973	24973	1	Spectral Match to 1-Palmitoyl-2-hydroxy-sn-glycero-3-phosphoethanolamine from NIST14	ESI	HCD	Isolated	Data from Pieter Dorrestein	Data deposited by lfnothias	M+H	454.293	0.0	1	53862354	N/A	N/A	N/A	N/A	3	Positive	GNPS-NIST14-MATCHES	454.293	UPDATE-SINGLE-ANNOTATED-BRONZE	Bronze		N/A	N/A	N/A	N/A	N/A	N/A	N/A	N/A	N/A	mzspec:GNPS:GNPS-LIBRARY:CCMSLIB00003139689
CCMSLIB00006678082	10236	spectra_filtered.mgf	GNPS-LIBRARY.mgf	0.91862	5089800.0	0	1.50266	16	0.0010376	690.507	1	temp/spectra_filtered.mgf10236	10236	1	PE-DAG (16:0/16:1)	LC-ESI	Orbitrap	Other	S Ding	Su Ding	M+H	690.506	690.508	1	N/A	N/A	N/A	N/A	N/A	3	Positive	GNPS-LIBRARY	690.506	UPDATE-SINGLE-ANNOTATED-BRONZE	Bronze		N/A	N/A	N/A	N/A	N/A	N/A	N/A	N/A	N/A	mzspec:GNPS:GNPS-LIBRARY:CCMSLIB00006678082
CCMSLIB00013940446	11771	spectra_filtered.mgf	WFSR-LIBRARY.mgf	0.918077	1088260.0	0	0.935921	5	0.000366211	391.284	1	temp/spectra_filtered.mgf11771	11771	1	Bis(2-ethylhexyl)phthalate_CE15	ESI	Orbitrap	Commercial	Federico Padilla-Gonzalez	"""Sjors Rasker, Wout Bergkamp"""	M+H	391.284	390.277	1	117-81-7	N/A	CCCCC(CC)COC(=O)C1=C(C=CC=C1)C(=O)OCC(CC)CCCC	"""InChI=1S/C24H38O4/c1-5-9-13-19(7-3)17-27-23(25)21-15-11-12-16-22(21)24(26)28-18-20(8-4)14-10-6-2/h11-12,15-16,19-20H,5-10,13-14,17-18H2,1-4H3"""	N/A	1	Positive	WFSR-LIBRARY	391.284	UPDATE-SINGLE-ANNOTATED-GOLD	Gold		C24H38O4	BJQHLKABXJIVAM-UHFFFAOYSA-N	BJQHLKABXJIVAM	Benzenoids	Benzene and substituted derivatives	Benzoic acids and derivatives	Phenolic acids (C6-C1)	Shikimic acids and derivatives|Simple phenolic acids	Shikimates and Phenylpropanoids	mzspec:GNPS:GNPS-LIBRARY:CCMSLIB00013940446
CCMSLIB00003139724	13843	spectra_filtered.mgf	GNPS-NIST14-MATCHES.mgf	0.91781	1801950.0	0	1.09481	5	0.000213623	195.123	1	temp/spectra_filtered.mgf13843	13843	1	Spectral Match to Tetraethylene glycol from NIST14	ESI	Q-TOF	Isolated	Data from Maria Maansson	Data deposited by marjo	M+H	195.123	0.0	1	112607	N/A	N/A	N/A	N/A	3	Positive	GNPS-NIST14-MATCHES	195.123	UPDATE-SINGLE-ANNOTATED-BRONZE	Bronze		N/A	N/A	N/A	N/A	N/A	N/A	N/A	N/A	N/A	mzspec:GNPS:GNPS-LIBRARY:CCMSLIB00003139724
CCMSLIB00013064147	25194	spectra_filtered.mgf	MSNLIB-POSITIVE.mgf	0.915165	995558.0	0	2.36845	6	0.000976562	412.322	1	temp/spectra_filtered.mgf25194	25194	1	benzethonium	ESI	Orbitrap	Commercial	Tomas Pluskal	Corinna Brungs	[M]+	412.321	412.321	1	N/A	N/A	CC(C)(C)CC(C)(C)c1ccc(OCCOCC[N+](C)(C)Cc2ccccc2)cc1	"InChI=1S/C27H42NO2/c1-26(2,3)22-27(4,5)24-13-15-25(16-14-24)30-20-19-29-18-17-28(6,7)21-23-11-9-8-10-12-23/h8-16H,17-22H2,1-7H3/q+1"	SIYLLGKDQZGJHK-UHFFFAOYSA-N	1	Positive	MSNLIB-POSITIVE	412.321	UPDATE-SINGLE-ANNOTATED-GOLD	Gold		N/A	SIYLLGKDQZGJHK-UHFFFAOYSA-N	SIYLLGKDQZGJHK	Benzenoids	Benzene and substituted derivatives	Phenylpropanes	N/A	N/A	N/A	mzspec:GNPS:GNPS-LIBRARY:CCMSLIB00013064147
CCMSLIB00010113136	8462	spectra_filtered.mgf	BERKELEY-LAB.mgf	0.91137	1215180.0	0	1.17598	5	0.000488281	415.212	1	temp/spectra_filtered.mgf8462	8462	1	"""1-({[2-(2-furylmethyl)-5-methylpyrrolidinyl]amino}methylene)-7-[8-({[2-(2-fury lmethyl)pyrrolidinyl]amino}methylene)-1,6-dihydroxy-3-methyl-5-(methylethyl)-7 -oxo(2-naphthyl)]-3,8-dihydroxy-6-methyl-4-(methylethyl)naphthalen-2-one CollisionEnergy:102040"""	LC-ESI	Orbitrap	Commercial	Trent Northen	JGI	M+2H]	415.212	0.0	1	N/A	N/A	Cc1cc2c(c(O)c1-c1c(C)cc3c(c1O)C(=CNN1C(C)CCC1Cc1ccco1)C(=O)C(O)=C3C(C)C)C(=CNN1CCCC1Cc1ccco1)C(=O)C(O)=C2C(C)C	"""InChI=1S/C49H56N4O8/c1-25(2)38-34-19-27(5)40(46(56)42(34)36(44(54)48(38)58)23-50-52-16-8-11-30(52)21-32-12-9-17-60-32)41-28(6)20-35-39(26(3)4)49(59)45(55)37(43(35)47(41)57)24-51-53-29(7)14-15-31(53)22-33-13-10-18-61-33/h9-10,12-13,17-20,23-26,29-31,50-51,56-59H,8,11,14-16,21-22H2,1-7H3/b36-23-,37-24-"""	N/A	3	Positive	BERKELEY-LAB	415.212	UPDATE-SINGLE-ANNOTATED-BRONZE	Bronze		C49H56N4O8	OZMHKRBQDGOIDU-UHFFFAOYSA-N	OZMHKRBQDGOIDU	N/A	N/A	N/A				mzspec:GNPS:GNPS-LIBRARY:CCMSLIB00010113136
CCMSLIB00006678147	24674	spectra_filtered.mgf	GNPS-LIBRARY.mgf	0.909842	1992990.0	0	0.061736	8	3.05176E-05	494.324	1	temp/spectra_filtered.mgf24674	24674	1	Lyso PC (16:1)	LC-ESI	Orbitrap	Other	S Ding	Su Ding	M+H	494.324	494.323	1	N/A	N/A	N/A	N/A	N/A	3	Positive	GNPS-LIBRARY	494.324	UPDATE-SINGLE-ANNOTATED-BRONZE	Bronze		N/A	N/A	N/A	N/A	N/A	N/A	N/A	N/A	N/A	mzspec:GNPS:GNPS-LIBRARY:CCMSLIB00006678147
CCMSLIB00006678082	26269	spectra_filtered.mgf	GNPS-LIBRARY.mgf	0.908908	9264930.0	0	1.59105	15	0.00109863	690.507	1	temp/spectra_filtered.mgf26269	26269	1	PE-DAG (16:0/16:1)	LC-ESI	Orbitrap	Other	S Ding	Su Ding	M+H	690.506	690.508	1	N/A	N/A	N/A	N/A	N/A	3	Positive	GNPS-LIBRARY	690.506	UPDATE-SINGLE-ANNOTATED-BRONZE	Bronze		N/A	N/A	N/A	N/A	N/A	N/A	N/A	N/A	N/A	mzspec:GNPS:GNPS-LIBRARY:CCMSLIB00006678082
CCMSLIB00012320176	59123	spectra_filtered.mgf	MSNLIB-POSITIVE.mgf	0.903005	702394.0	0	1.6199	5	0.000259399	160.133	1	temp/spectra_filtered.mgf59123	59123	1	"4-Carboxy-N,N,N-trimethylbutan-1-aminium"	ESI	Orbitrap	Crude	Tomas Pluskal	Corinna Brungs	[M]+	160.133	160.133	1	N/A	N/A	C[N+](C)(C)CCCCC(=O)O	"InChI=1S/C8H17NO2/c1-9(2,3)7-5-4-6-8(10)11/h4-7H2,1-3H3/p+1"	CDLVFVFTRQPQFU-UHFFFAOYSA-O	1	Positive	MSNLIB-POSITIVE	160.133	UPDATE-SINGLE-ANNOTATED-GOLD	Gold		N/A	CDLVFVFTRQPQFU-UHFFFAOYSA-O	CDLVFVFTRQPQFU	Lipids and lipid-like molecules	Fatty Acyls	Fatty acids and conjugates	N/A	N/A	N/A	mzspec:GNPS:GNPS-LIBRARY:CCMSLIB00012320176
CCMSLIB00012434722	5097	spectra_filtered.mgf	MSNLIB-POSITIVE.mgf	0.899045	302349.0	0	4.51923	9	0.00109863	243.103	1	temp/spectra_filtered.mgf5097	5097	1	Auraptenol	ESI	Orbitrap	Crude	Tomas Pluskal	Corinna Brungs	[M+H-H2O]+	243.102	260.105	1	N/A	N/A	C=C(C)C(O)Cc1c2oc(=O)ccc2ccc1OC	"InChI=1S/C15H16O4/c1-9(2)12(16)8-11-13(18-3)6-4-10-5-7-14(17)19-15(10)11/h4-7,12,16H,1,8H2,2-3H3"	SQSRYWNOKPJENY-UHFFFAOYSA-N	1	Positive	MSNLIB-POSITIVE	243.102	UPDATE-SINGLE-ANNOTATED-GOLD	Gold		C15H16O4	SQSRYWNOKPJENY-UHFFFAOYSA-N	SQSRYWNOKPJENY	N/A	N/A	N/A	Coumarins	Simple coumarins	Shikimates and Phenylpropanoids	mzspec:GNPS:GNPS-LIBRARY:CCMSLIB00012434722
CCMSLIB00003134614	28031	spectra_filtered.mgf	GNPS-NIST14-MATCHES.mgf	0.897622	1756420.0	0	1.07769	5	0.000305176	283.175	1	temp/spectra_filtered.mgf28031	28031	1	Spectral Match to Hexaethylene glycol from NIST14	ESI	qTof	Isolated	Data from Rob Knight 	Data deposited by amelnik	M+H	283.175	282.168	1	2615158	N/A	C(COCCOCCOCCOCCOCCO)O	"InChI=1S/C12H26O7/c13-1-3-15-5-7-17-9-11-19-12-10-18-8-6-16-4-2-14/h13-14H,1-12H2"	N/A	3	Positive	GNPS-NIST14-MATCHES	283.175	UPDATE-SINGLE-ANNOTATED-BRONZE	Bronze		C12H26O7	IIRDTKBZINWQAW-UHFFFAOYSA-N	IIRDTKBZINWQAW	Organic oxygen compounds	Organooxygen compounds	Ethers	Glycerolipids	Monoacylglycerols	Fatty acids	mzspec:GNPS:GNPS-LIBRARY:CCMSLIB00003134614
CCMSLIB00003137515	62318	spectra_filtered.mgf	GNPS-NIST14-MATCHES.mgf	0.896282	826985.0	0	17.1169	10	0.00616455	360.15	1	temp/spectra_filtered.mgf62318	62318	1	Spectral Match to D-(+)-Trehalose from NIST14	ESI	QQQ	Isolated	Data from Pieter Dorrestein	Data deposited by lfnothias	M+NH4	360.144	342.116	1	99207	N/A	C([C@@H]1[C@H]([C@@H]([C@H]([C@H](O1)O[C@@H]2[C@@H]([C@H]([C@@H]([C@H](O2)CO)O)O)O)O)O)O)O	"InChI=1S/C12H22O11/c13-1-3-5(15)7(17)9(19)11(21-3)23-12-10(20)8(18)6(16)4(2-14)22-12/h3-20H,1-2H2/t3-,4-,5-,6-,7+,8+,9-,10-,11-,12-/m1/s1"	N/A	3	Positive	GNPS-NIST14-MATCHES	360.144	UPDATE-SINGLE-ANNOTATED-BRONZE	Bronze		C12H22O11	HDTRYLNUVZCQOY-LIZSDCNHSA-N	HDTRYLNUVZCQOY	Organic oxygen compounds	Organooxygen compounds	Carbohydrates and carbohydrate conjugates	Saccharides	Disaccharides	Carbohydrates	mzspec:GNPS:GNPS-LIBRARY:CCMSLIB00003137515
CCMSLIB00013583175	61408	spectra_filtered.mgf	GNPS-LIBRARY.mgf	0.891836	1038820.0	0	0.847313	5	0.000137329	162.076	1	temp/spectra_filtered.mgf61408	61408	1	AMINOADIPATE	ESI	Orbitrap	Commercial	Aron	David Hattan	M+H	162.076	161.069	1	542-32-5	N/A	NC(CCCC(O)=O)C(O)=O	"InChI=1S/C6H11NO4/c7-4(6(10)11)2-1-3-5(8)9/h4H,1-3,7H2,(H,8,9)(H,10,11)"	N/A	1	Positive	GNPS-LIBRARY	162.076	UPDATE-SINGLE-ANNOTATED-GOLD	Gold		C6H11NO4	OYIFNHCXNCRBQI-UHFFFAOYSA-N	OYIFNHCXNCRBQI	Organic acids and derivatives	Carboxylic acids and derivatives	"Amino acids, peptides, and analogues"	Small peptides	Aminoacids	Amino acids and Peptides	mzspec:GNPS:GNPS-LIBRARY:CCMSLIB00013583175
CCMSLIB00003137515	61036	spectra_filtered.mgf	GNPS-NIST14-MATCHES.mgf	0.890022	920492.0	0	17.0322	12	0.00613403	360.15	1	temp/spectra_filtered.mgf61036	61036	1	Spectral Match to D-(+)-Trehalose from NIST14	ESI	QQQ	Isolated	Data from Pieter Dorrestein	Data deposited by lfnothias	M+NH4	360.144	342.116	1	99207	N/A	C([C@@H]1[C@H]([C@@H]([C@H]([C@H](O1)O[C@@H]2[C@@H]([C@H]([C@@H]([C@H](O2)CO)O)O)O)O)O)O)O	"InChI=1S/C12H22O11/c13-1-3-5(15)7(17)9(19)11(21-3)23-12-10(20)8(18)6(16)4(2-14)22-12/h3-20H,1-2H2/t3-,4-,5-,6-,7+,8+,9-,10-,11-,12-/m1/s1"	N/A	3	Positive	GNPS-NIST14-MATCHES	360.144	UPDATE-SINGLE-ANNOTATED-BRONZE	Bronze		C12H22O11	HDTRYLNUVZCQOY-LIZSDCNHSA-N	HDTRYLNUVZCQOY	Organic oxygen compounds	Organooxygen compounds	Carbohydrates and carbohydrate conjugates	Saccharides	Disaccharides	Carbohydrates	mzspec:GNPS:GNPS-LIBRARY:CCMSLIB00003137515
CCMSLIB00012346142	54523	spectra_filtered.mgf	MSNLIB-POSITIVE.mgf	0.885869	935376.0	0	1.7898	5	0.000411987	230.186	1	temp/spectra_filtered.mgf54523	54523	1	"N1,N8-diacetylspermidine"	ESI	Orbitrap	Crude	Tomas Pluskal	Corinna Brungs	[M+H]+	230.186	229.179	1	N/A	N/A	CC(=O)NCCCCNCCCNC(C)=O	"InChI=1S/C11H23N3O2/c1-10(15)13-8-4-3-6-12-7-5-9-14-11(2)16/h12H,3-9H2,1-2H3,(H,13,15)(H,14,16)"	BKCVMAZDKFQPHB-UHFFFAOYSA-N	1	Positive	MSNLIB-POSITIVE	230.186	UPDATE-SINGLE-ANNOTATED-GOLD	Gold		C11H23N3O2	BKCVMAZDKFQPHB-UHFFFAOYSA-N	BKCVMAZDKFQPHB	Organic acids and derivatives	Carboxylic acids and derivatives	Carboxylic acid derivatives	Ornithine alkaloids	Polyamines	Alkaloids	mzspec:GNPS:GNPS-LIBRARY:CCMSLIB00012346142
CCMSLIB00010084441	26270	spectra_filtered.mgf	PNNL-LIPIDS-POSITIVE.mgf	0.882965	3321190.0	0	0.681459	16	0.000488281	716.523	1	temp/spectra_filtered.mgf26270	26270	1	PE(16:1/18:1); [M+H]+ C39H75N1O8P1	LC-ESI	HCD; Velos	Commercial	Thomas Metz	Thomas Metz	M+H	716.523	0.0	1	N/A	N/A	N/A	N/A	N/A	1	Positive	PNNL-LIPIDS-POSITIVE	716.523	UPDATE-SINGLE-ANNOTATED-GOLD	Gold		N/A	N/A	N/A	N/A	N/A	N/A	N/A	N/A	N/A	mzspec:GNPS:GNPS-LIBRARY:CCMSLIB00010084441
CCMSLIB00010098565	9721	spectra_filtered.mgf	PNNL-LIPIDS-POSITIVE.mgf	0.879324	3814120.0	0	0.937007	15	0.000671387	716.522	1	temp/spectra_filtered.mgf9721	9721	1	PE(16:1/18:1); [M+H]+ C39H75N1O8P1	LC-ESI	HCD; Velos	Commercial	Thomas Metz	Thomas Metz	M+H	716.523	0.0	1	N/A	N/A	N/A	N/A	N/A	1	Positive	PNNL-LIPIDS-POSITIVE	716.523	UPDATE-SINGLE-ANNOTATED-GOLD	Gold		N/A	N/A	N/A	N/A	N/A	N/A	N/A	N/A	N/A	mzspec:GNPS:GNPS-LIBRARY:CCMSLIB00010098565
CCMSLIB00003140162	24569	spectra_filtered.mgf	GNPS-NIST14-MATCHES.mgf	0.877938	2690260.0	0	4.95388	11	0.00137329	277.216	1	temp/spectra_filtered.mgf24569	24569	1	Spectral Match to Stearidonic acid from NIST14	ESI	qTof	Isolated	Data from Chris Turck	Data deposited by fevargas	M+H	277.215	276.209	1	20290759	N/A	CC/C=C\C/C=C\C/C=C\C/C=C\CCCCC(=O)O	"InChI=1S/C18H28O2/c1-2-3-4-5-6-7-8-9-10-11-12-13-14-15-16-17-18(19)20/h3-4,6-7,9-10,12-13H,2,5,8,11,14-17H2,1H3,(H,19,20)/b4-3-,7-6-,10-9-,13-12-"	N/A	3	Positive	GNPS-NIST14-MATCHES	277.215	UPDATE-SINGLE-ANNOTATED-BRONZE	Bronze		C18H28O2	JIWBIWFOSCKQMA-LTKCOYKYSA-N	JIWBIWFOSCKQMA	Lipids and lipid-like molecules	Fatty Acyls	Lineolic acids and derivatives	Fatty Acids and Conjugates	Unsaturated fatty acids	Fatty acids	mzspec:GNPS:GNPS-LIBRARY:CCMSLIB00003140162
CCMSLIB00003139019	19505	spectra_filtered.mgf	GNPS-NIST14-MATCHES.mgf	0.877346	847297.0	0	0.221784	10	6.10352E-05	275.201	1	temp/spectra_filtered.mgf19505	19505	1	Spectral Match to 9-OxoOTrE from NIST14	ESI	Ion Trap	Isolated	Data from Wolfender/Litaudon	Data deposited by pmallard	M+H-H2O	275.201	292.204	1	125559742	N/A	CC/C=C\C/C=C\C=C\C(=O)CCCCCCCC(=O)O	"InChI=1S/C18H28O3/c1-2-3-4-5-6-8-11-14-17(19)15-12-9-7-10-13-16-18(20)21/h3-4,6,8,11,14H,2,5,7,9-10,12-13,15-16H2,1H3,(H,20,21)/b4-3-,8-6-,14-11+"	N/A	3	Positive	GNPS-NIST14-MATCHES	275.201	UPDATE-SINGLE-ANNOTATED-BRONZE	Bronze		C18H28O3	ACHDMUPTZYZIGR-CUHSZNQNSA-N	ACHDMUPTZYZIGR	Lipids and lipid-like molecules	Fatty Acyls	Lineolic acids and derivatives	Octadecanoids	Other Octadecanoids	Fatty acids	mzspec:GNPS:GNPS-LIBRARY:CCMSLIB00003139019
CCMSLIB00016343993	3740	spectra_filtered.mgf	GNPS-ALKYLAMINES-LIBRARY.mgf	0.875967	621237.0	0	0.534936	9	0.00012207	228.196	1	temp/spectra_filtered.mgf3740	3740	1	Cycloleucine_2-Heptanone (known isomers: 0; isobaric peaks in run: 1)	LC-ESI	Orbitrap	Crude	Pieter Dorrestein	Julius	[M+H]+	228.196	227.189	1	N/A	2-Heptanone_Amine_batch5_P5_E2.mzML:scan:4610	CCCCCC(C)NC1(C(=O)O)CCCC1	"InChI=1S/C13H25NO2/c1-3-4-5-8-11(2)14-13(12(15)16)9-6-7-10-13/h11,14H,3-10H2,1-2H3,(H,15,16)"		1	Positive	GNPS-ALKYLAMINES-LIBRARY	228.196	UPDATE-SINGLE-ANNOTATED-GOLD	Gold		C13H25NO2	XUBVKXDFQPXWCH-UHFFFAOYSA-N	XUBVKXDFQPXWCH	N/A	N/A	N/A				mzspec:GNPS:GNPS-LIBRARY:CCMSLIB00016343993
CCMSLIB00006682581	51359	spectra_filtered.mgf	MONA.mgf	0.875388	334593.0	0	1.4236	5	0.000213623	150.058	1	temp/spectra_filtered.mgf51359	51359	1	METHIONINE	ESI	qTof	isolated	MoNA	MoNA:MoNA032419	M+H	150.058	0.0	1	N/A	N/A	CSCC[C@@H](C(=O)O)N	"""InChI=1S/C5H11NO2S/c1-9-3-2-4(6)5(7)8/h4H,2-3,6H2,1H3,(H,7,8)/t4-/m0/s1"""	N/A	3	positive	MONA	150.058	UPDATE-SINGLE-ANNOTATED-BRONZE	Bronze		C5H11NO2S	FFEARJCKVFRZRR-BYPYZUCNSA-N	FFEARJCKVFRZRR	Organic acids and derivatives	Carboxylic acids and derivatives	"Amino acids, peptides, and analogues"	Small peptides	Aminoacids	Amino acids and Peptides	mzspec:GNPS:GNPS-LIBRARY:CCMSLIB00006682581
CCMSLIB00003136253	25702	spectra_filtered.mgf	GNPS-NIST14-MATCHES.mgf	0.87509	279226.0	0	9.02956	5	0.00141907	157.159	1	temp/spectra_filtered.mgf25702	25702	1	Spectral Match to .beta.-Citronellol from NIST14	ESI	qTof	Isolated	Data from Piel	Data deposited by eriche	M+H	157.158	156.151	1	106229	N/A	CC(CCC=C(C)C)CCO	"InChI=1S/C10H20O/c1-9(2)5-4-6-10(3)7-8-11/h5,10-11H,4,6-8H2,1-3H3"	N/A	3	Positive	GNPS-NIST14-MATCHES	157.158	UPDATE-SINGLE-ANNOTATED-BRONZE	Bronze		C10H20O	QMVPMAAFGQKVCJ-UHFFFAOYSA-N	QMVPMAAFGQKVCJ	Lipids and lipid-like molecules	Prenol lipids	Monoterpenoids	Monoterpenoids	Acyclic monoterpenoids	Terpenoids	mzspec:GNPS:GNPS-LIBRARY:CCMSLIB00003136253
CCMSLIB00003137318	24946	spectra_filtered.mgf	GNPS-NIST14-MATCHES.mgf	0.872495	1834220.0	0	1.14368	11	0.000549316	480.309	1	temp/spectra_filtered.mgf24946	24946	1	Spectral Match to 1-(9Z-Octadecenoyl)-sn-glycero-3-phosphoethanolamine from NIST14	ESI	qTof	Isolated	Data from Pieter Dorrestein	Data deposited by lfnothias	M+H	480.308	479.301	1	89576294	N/A	CCCCCCCC/C=C\CCCCCCCC(=O)OC[C@H](COP(=O)(O)OCCN)O	"InChI=1S/C23H46NO7P/c1-2-3-4-5-6-7-8-9-10-11-12-13-14-15-16-17-23(26)29-20-22(25)21-31-32(27,28)30-19-18-24/h9-10,22,25H,2-8,11-21,24H2,1H3,(H,27,28)/b10-9-/t22-/m1/s1"	N/A	3	Positive	GNPS-NIST14-MATCHES	480.308	UPDATE-SINGLE-ANNOTATED-BRONZE	Bronze		C23H46NO7P	PYVRVRFVLRNJLY-MZMPXXGTSA-N	PYVRVRFVLRNJLY	Lipids and lipid-like molecules	Glycerophospholipids	Glycerophosphoethanolamines	Glycerophospholipids	Glycerophosphoethanolamines	Fatty acids	mzspec:GNPS:GNPS-LIBRARY:CCMSLIB00003137318
CCMSLIB00012445928	26220	spectra_filtered.mgf	MSNLIB-POSITIVE.mgf	0.870404	1086190.0	0	0.233999	11	0.000183105	782.505	1	temp/spectra_filtered.mgf26220	26220	1	Dinactin	ESI	Orbitrap	Crude	Tomas Pluskal	Corinna Brungs	[M+NH4]+	782.505	764.471	1	N/A	N/A	CC[C@@H]1C[C@H]2CC[C@H](O2)[C@H](C)C(=O)O[C@@H](C)C[C@@H]2CC[C@@H](O2)[C@@H](C)C(=O)O[C@H](CC)C[C@H]2CC[C@H](O2)[C@H](C)C(=O)O[C@@H](C)C[C@@H]2CC[C@@H](O2)[C@@H](C)C(=O)O1	"InChI=1S/C42H68O12/c1-9-29-21-33-13-17-35(51-33)25(5)39(43)47-24(4)20-32-12-16-38(50-32)28(8)42(46)54-30(10-2)22-34-14-18-36(52-34)26(6)40(44)48-23(3)19-31-11-15-37(49-31)27(7)41(45)53-29/h23-38H,9-22H2,1-8H3/t23-,24-,25-,26-,27+,28+,29+,30+,31-,32-,33+,34+,35-,36-,37+,38+/m0/s1"	ZBDGIMZKOJALMU-HXUSMMTHSA-N	1	Positive	MSNLIB-POSITIVE	782.505	UPDATE-SINGLE-ANNOTATED-GOLD	Gold		C42H68O12	ZBDGIMZKOJALMU-HXUSMMTHSA-N	ZBDGIMZKOJALMU	N/A	N/A	N/A	Polyethers	Macrotetrolides	Polyketides	mzspec:GNPS:GNPS-LIBRARY:CCMSLIB00012445928
CCMSLIB00013056811	61590	spectra_filtered.mgf	MSNLIB-POSITIVE.mgf	0.866898	763655.0	0	1.366	5	0.000183105	134.045	1	temp/spectra_filtered.mgf61590	61590	1	L-aspartic acid	ESI	Orbitrap	Commercial	Tomas Pluskal	Corinna Brungs	[M+H]+	134.045	133.038	1	N/A	N/A	N[C@@H](CC(=O)O)C(=O)O	"InChI=1S/C4H7NO4/c5-2(4(8)9)1-3(6)7/h2H,1,5H2,(H,6,7)(H,8,9)/t2-/m0/s1"	CKLJMWTZIZZHCS-REOHCLBHSA-N	1	Positive	MSNLIB-POSITIVE	134.045	UPDATE-SINGLE-ANNOTATED-GOLD	Gold		C4H7NO4	CKLJMWTZIZZHCS-REOHCLBHSA-N	CKLJMWTZIZZHCS	Organic acids and derivatives	Carboxylic acids and derivatives	"Amino acids, peptides, and analogues"	Small peptides	Aminoacids	Amino acids and Peptides	mzspec:GNPS:GNPS-LIBRARY:CCMSLIB00013056811
CCMSLIB00010098565	13145	spectra_filtered.mgf	PNNL-LIPIDS-POSITIVE.mgf	0.866211	2397960.0	0	0.851824	15	0.000610352	716.522	1	temp/spectra_filtered.mgf13145	13145	1	PE(16:1/18:1); [M+H]+ C39H75N1O8P1	LC-ESI	HCD; Velos	Commercial	Thomas Metz	Thomas Metz	M+H	716.523	0.0	1	N/A	N/A	N/A	N/A	N/A	1	Positive	PNNL-LIPIDS-POSITIVE	716.523	UPDATE-SINGLE-ANNOTATED-GOLD	Gold		N/A	N/A	N/A	N/A	N/A	N/A	N/A	N/A	N/A	mzspec:GNPS:GNPS-LIBRARY:CCMSLIB00010098565
CCMSLIB00005774329	21945	spectra_filtered.mgf	MASSBANK.mgf	0.865375	338671.0	0	1.43395	5	0.000289917	202.18	1	temp/spectra_filtered.mgf21945	21945	1	"Massbank:AU252106 4-Hydroxy-1-(2-hydroxyethyl)-2,2,6,6-tetramethylpiperidine|1-Piperidineethanol, 4-hydroxy-2,2,6,6-tetramethyl-|1-(2-hydroxyethyl)-2,2,6,6-tetramethylpiperidin-4-ol"	ESI	qTof	Isolated	Massbank	Massbank	M+H	202.18	0.0	1	52722-86-8	N/A	CC1(C)CC(O)CC(C)(C)N1CCO	"1S/C11H23NO2/c1-10(2)7-9(14)8-11(3,4)12(10)5-6-13/h9,13-14H,5-8H2,1-4H3"	N/A	3	Positive	MASSBANK	202.18	UPDATE-SINGLE-ANNOTATED-BRONZE	Bronze		C11H23NO2	STEYNUVPFMIUOY-UHFFFAOYSA-N	STEYNUVPFMIUOY	N/A	N/A	N/A	Lysine alkaloids	Piperidine alkaloids	Alkaloids	mzspec:GNPS:GNPS-LIBRARY:CCMSLIB00005774329
CCMSLIB00012447992	28348	spectra_filtered.mgf	MSNLIB-POSITIVE.mgf	0.863473	2709110.0	0	0.820729	12	0.000366211	446.202	1	temp/spectra_filtered.mgf28348	28348	1	CHEBI:167770	ESI	Orbitrap	Crude	Tomas Pluskal	Corinna Brungs	[M+NH4]+	446.202	428.168	1	N/A	N/A	CC(O)(CC(=O)O)CC(=O)O[C@@H]1[C@@H](O)[C@H](OCCc2ccccc2)O[C@H](CO)[C@H]1O	"InChI=1S/C20H28O10/c1-20(27,9-14(22)23)10-15(24)30-18-16(25)13(11-21)29-19(17(18)26)28-8-7-12-5-3-2-4-6-12/h2-6,13,16-19,21,25-27H,7-11H2,1H3,(H,22,23)/t13-,16-,17-,18+,19-,20?/m1/s1"	WGMNBGJQXOIVGA-HJVQXQJGSA-N	1	Positive	MSNLIB-POSITIVE	446.202	UPDATE-SINGLE-ANNOTATED-GOLD	Gold		C20H28O10	WGMNBGJQXOIVGA-HJVQXQJGSA-N	WGMNBGJQXOIVGA	N/A	N/A	N/A				mzspec:GNPS:GNPS-LIBRARY:CCMSLIB00012447992
CCMSLIB00013939922	17741	spectra_filtered.mgf	WFSR-LIBRARY.mgf	0.860194	2724230.0	0	0.945259	5	0.000244141	258.279	1	temp/spectra_filtered.mgf17741	17741	1	Myristamine oxide_CE30	ESI	Orbitrap	Commercial	Federico Padilla-Gonzalez	"""Sjors Rasker, Wout Bergkamp"""	M+H	258.279	257.272	1	3332-27-2	N/A	CCCCCCCCCCCCCC[N+](C)(C)[O-]	"""InChI=1S/C16H35NO/c1-4-5-6-7-8-9-10-11-12-13-14-15-16-17(2,3)18/h4-16H2,1-3H3"""	N/A	1	Positive	WFSR-LIBRARY	258.279	UPDATE-SINGLE-ANNOTATED-GOLD	Gold		N/A	ONHFWHCMZAJCFB-UHFFFAOYSA-N	ONHFWHCMZAJCFB	Organic nitrogen compounds	Organonitrogen compounds	Aminoxides	N/A	N/A	N/A	mzspec:GNPS:GNPS-LIBRARY:CCMSLIB00013939922
CCMSLIB00003139019	24651	spectra_filtered.mgf	GNPS-NIST14-MATCHES.mgf	0.858974	1656810.0	0	0.776244	10	0.000213623	275.201	1	temp/spectra_filtered.mgf24651	24651	1	Spectral Match to 9-OxoOTrE from NIST14	ESI	Ion Trap	Isolated	Data from Wolfender/Litaudon	Data deposited by pmallard	M+H-H2O	275.201	292.204	1	125559742	N/A	CC/C=C\C/C=C\C=C\C(=O)CCCCCCCC(=O)O	"InChI=1S/C18H28O3/c1-2-3-4-5-6-8-11-14-17(19)15-12-9-7-10-13-16-18(20)21/h3-4,6,8,11,14H,2,5,7,9-10,12-13,15-16H2,1H3,(H,20,21)/b4-3-,8-6-,14-11+"	N/A	3	Positive	GNPS-NIST14-MATCHES	275.201	UPDATE-SINGLE-ANNOTATED-BRONZE	Bronze		C18H28O3	ACHDMUPTZYZIGR-CUHSZNQNSA-N	ACHDMUPTZYZIGR	Lipids and lipid-like molecules	Fatty Acyls	Lineolic acids and derivatives	Octadecanoids	Other Octadecanoids	Fatty acids	mzspec:GNPS:GNPS-LIBRARY:CCMSLIB00003139019
CCMSLIB00010100869	4991	spectra_filtered.mgf	PNNL-LIPIDS-POSITIVE.mgf	0.858189	2940920.0	0	0.937007	14	0.000671387	716.522	1	temp/spectra_filtered.mgf4991	4991	1	PE(16:1/18:1); [M+H]+ C39H75N1O8P1	LC-ESI	HCD; Velos	Commercial	Thomas Metz	Thomas Metz	M+H	716.523	0.0	1	N/A	N/A	N/A	N/A	N/A	1	Positive	PNNL-LIPIDS-POSITIVE	716.523	UPDATE-SINGLE-ANNOTATED-GOLD	Gold		N/A	N/A	N/A	N/A	N/A	N/A	N/A	N/A	N/A	mzspec:GNPS:GNPS-LIBRARY:CCMSLIB00010100869
CCMSLIB00003136087	3378	spectra_filtered.mgf	GNPS-NIST14-MATCHES.mgf	0.855046	354449.0	0	1.01637	5	0.000228882	225.196	1	temp/spectra_filtered.mgf3378	3378	1	"Spectral Match to 1,3-Dicyclohexylurea from NIST14"	ESI	QqQ	Isolated	Data from Pieter Dorrestein;Ruben Abagayan	Data deposited by lfnothias	M+H	225.196	0.0	1	2387237	N/A	N/A	N/A	N/A	3	Positive	GNPS-NIST14-MATCHES	225.196	UPDATE-SINGLE-ANNOTATED-BRONZE	Bronze		N/A	N/A	N/A	N/A	N/A	N/A	N/A	N/A	N/A	mzspec:GNPS:GNPS-LIBRARY:CCMSLIB00003136087
CCMSLIB00012349619	64976	spectra_filtered.mgf	MSNLIB-POSITIVE.mgf	0.854966	251831.0	0	1.80266	7	0.000366211	203.15	1	temp/spectra_filtered.mgf64976	64976	1	SDMA	ESI	Orbitrap	Crude	Tomas Pluskal	Corinna Brungs	[M+H]+	203.15	202.143	1	N/A	N/A	CN=C(NC)NCCC[C@H](N)C(=O)O	"InChI=1S/C8H18N4O2/c1-10-8(11-2)12-5-3-4-6(9)7(13)14/h6H,3-5,9H2,1-2H3,(H,13,14)(H2,10,11,12)/t6-/m0/s1"	HVPFXCBJHIIJGS-LURJTMIESA-N	1	Positive	MSNLIB-POSITIVE	203.15	UPDATE-SINGLE-ANNOTATED-GOLD	Gold		C8H18N4O2	HVPFXCBJHIIJGS-LURJTMIESA-N	HVPFXCBJHIIJGS	Organic acids and derivatives	Carboxylic acids and derivatives	"Amino acids, peptides, and analogues"	Small peptides	Aminoacids	Amino acids and Peptides	mzspec:GNPS:GNPS-LIBRARY:CCMSLIB00012349619
CCMSLIB00003138827	19322	spectra_filtered.mgf	GNPS-NIST14-MATCHES.mgf	0.854562	590484.0	0	1.32103	11	0.000366211	277.216	1	temp/spectra_filtered.mgf19322	19322	1	"Spectral Match to 9S-Hydroxy-10E,12Z,15Z-octadecatrienoic acid from NIST14"	ESI	HCD	Isolated	Data from Wolfender/Litaudon	Data deposited by pmallard	M+H-H2O	277.216	0.0	1	89886420	N/A	N/A	N/A	N/A	3	Positive	GNPS-NIST14-MATCHES	277.216	UPDATE-SINGLE-ANNOTATED-BRONZE	Bronze		N/A	N/A	N/A	N/A	N/A	N/A	N/A	N/A	N/A	mzspec:GNPS:GNPS-LIBRARY:CCMSLIB00003138827
CCMSLIB00012446394	2878	spectra_filtered.mgf	MSNLIB-POSITIVE.mgf	0.853065	287944.0	0	0.347433	5	0.000152588	439.186	1	temp/spectra_filtered.mgf2878	2878	1	JV-379A	ESI	Orbitrap	Crude	Tomas Pluskal	Corinna Brungs	[M+H]+	439.186	438.179	1	N/A	N/A	COc1cc(C/C(=C/NC(C)=O)N(CC(=O)Cc2ccccc2)C(C)=O)cc2c1OCO2	"InChI=1S/C24H26N2O6/c1-16(27)25-13-20(9-19-11-22(30-3)24-23(12-19)31-15-32-24)26(17(2)28)14-21(29)10-18-7-5-4-6-8-18/h4-8,11-13H,9-10,14-15H2,1-3H3,(H,25,27)/b20-13-"	HATJVFBKNDNVNS-MOSHPQCFSA-N	1	Positive	MSNLIB-POSITIVE	439.186	UPDATE-SINGLE-ANNOTATED-GOLD	Gold		C24H26N2O6	HATJVFBKNDNVNS-MOSHPQCFSA-N	HATJVFBKNDNVNS	N/A	N/A	N/A				mzspec:GNPS:GNPS-LIBRARY:CCMSLIB00012446394
CCMSLIB00003139689	6131	spectra_filtered.mgf	GNPS-NIST14-MATCHES.mgf	0.8529	952721.0	0	0.268704	9	0.00012207	454.293	1	temp/spectra_filtered.mgf6131	6131	1	Spectral Match to 1-Palmitoyl-2-hydroxy-sn-glycero-3-phosphoethanolamine from NIST14	ESI	HCD	Isolated	Data from Pieter Dorrestein	Data deposited by lfnothias	M+H	454.293	0.0	1	53862354	N/A	N/A	N/A	N/A	3	Positive	GNPS-NIST14-MATCHES	454.293	UPDATE-SINGLE-ANNOTATED-BRONZE	Bronze		N/A	N/A	N/A	N/A	N/A	N/A	N/A	N/A	N/A	mzspec:GNPS:GNPS-LIBRARY:CCMSLIB00003139689
CCMSLIB00003138827	5434	spectra_filtered.mgf	GNPS-NIST14-MATCHES.mgf	0.851848	3794790.0	0	1.21095	10	0.000335693	277.216	1	temp/spectra_filtered.mgf5434	5434	1	"Spectral Match to 9S-Hydroxy-10E,12Z,15Z-octadecatrienoic acid from NIST14"	ESI	HCD	Isolated	Data from Wolfender/Litaudon	Data deposited by pmallard	M+H-H2O	277.216	0.0	1	89886420	N/A	N/A	N/A	N/A	3	Positive	GNPS-NIST14-MATCHES	277.216	UPDATE-SINGLE-ANNOTATED-BRONZE	Bronze		N/A	N/A	N/A	N/A	N/A	N/A	N/A	N/A	N/A	mzspec:GNPS:GNPS-LIBRARY:CCMSLIB00003138827
CCMSLIB00013936424	4405	spectra_filtered.mgf	WFSR-LIBRARY.mgf	0.84607	584052.0	0	0.92837	7	0.000610352	657.445	1	temp/spectra_filtered.mgf4405	4405	1	"""Enniatin B_CE25,38,59"""	ESI	Orbitrap	Commercial	Federico Padilla-Gonzalez	"""Sjors Rasker, Wout Bergkamp"""	M+NH4	657.444	639.409	1	917-13-5	N/A	[H][C@@]1(OC(=O)[C@H](C(C)C)N(C)C(=O)[C@H](OC(=O)[C@H](C(C)C)N(C)C(=O)[C@H](OC(=O)[C@H](C(C)C)N(C)C1=O)C(C)C)C(C)C)C(C)C	"""InChI=1S/C33H57N3O9/c1-16(2)22-31(40)43-26(20(9)10)29(38)35(14)24(18(5)6)33(42)45-27(21(11)12)30(39)36(15)23(17(3)4)32(41)44-25(19(7)8)28(37)34(22)13/h16-27H,1-15H3/t22-,23-,24-,25+,26+,27+/m0/s1"""	N/A	1	Positive	WFSR-LIBRARY	657.444	UPDATE-SINGLE-ANNOTATED-GOLD	Gold		C33H57N3O9	MIZMDSVSLSIMSC-VYLWARHZSA-N	MIZMDSVSLSIMSC	Organic acids and derivatives	Peptidomimetics	Depsipeptides	Oligopeptides	Cyclic peptides|Depsipeptides	Amino acids and Peptides|Polyketides	mzspec:GNPS:GNPS-LIBRARY:CCMSLIB00013936424
CCMSLIB00003136281	7691	spectra_filtered.mgf	GNPS-NIST14-MATCHES.mgf	0.845876	2155330.0	0	1.43112	11	0.000396729	277.216	1	temp/spectra_filtered.mgf7691	7691	1	"Spectral Match to 13S-Hydroxy-9Z,11E,15Z-octadecatrienoic acid from NIST14"	ESI	HCD	Isolated	Data from Wolfender/Litaudon	Data deposited by pmallard	M+H-H2O	277.216	0.0	1	87984825	N/A	N/A	N/A	N/A	3	Positive	GNPS-NIST14-MATCHES	277.216	UPDATE-SINGLE-ANNOTATED-BRONZE	Bronze		N/A	N/A	N/A	N/A	N/A	N/A	N/A	N/A	N/A	mzspec:GNPS:GNPS-LIBRARY:CCMSLIB00003136281
CCMSLIB00004712772	4215	spectra_filtered.mgf	MONA.mgf	0.839374	1428480.0	0	1.27259	12	0.000854492	671.458	1	temp/spectra_filtered.mgf4215	4215	1	"(3S,6R,9S,12R,15S,18R)-3-butan-2-yl-4,10,16-trimethyl-6,9,12,15,18-penta(propan-2-yl)-1,7,13-trioxa-4,10,16-triazacyclooctadecane-2,5,8,11,14,17-hexone"	N/A	ESI-QFT	isolated	MoNA	MoNA:VF-NPL-QEHF021709	[M+NH4]+	671.459	0.0	1	N/A	N/A	CCC(C)[C@H]1C(=O)O[C@H](C(C)C)C(=O)N(C)[C@@H](C(C)C)C(=O)O[C@H](C(C)C)C(=O)N(C)[C@@H](C(C)C)C(=O)O[C@H](C(C)C)C(=O)N1C	"InChI=1S/C34H59N3O9/c1-16-22(12)25-34(43)46-27(20(8)9)30(39)36(14)23(17(2)3)32(41)44-26(19(6)7)29(38)35(13)24(18(4)5)33(42)45-28(21(10)11)31(40)37(25)15/h17-28H,16H2,1-15H3/t22?,23-,24-,25-,26+,27+,28+/m0/s1"	N/A	3	positive	MONA	671.459	UPDATE-SINGLE-ANNOTATED-BRONZE	Bronze		C34H59N3O9	UQCSETXJXJTMKO-HLRZJIOYSA-N	UQCSETXJXJTMKO	Organic acids and derivatives	Peptidomimetics	Depsipeptides	Oligopeptides	Cyclic peptides|Depsipeptides	Amino acids and Peptides|Polyketides	mzspec:GNPS:GNPS-LIBRARY:CCMSLIB00004712772
CCMSLIB00013936424	2315	spectra_filtered.mgf	WFSR-LIBRARY.mgf	0.839367	702322.0	0	1.02121	8	0.000671387	657.445	1	temp/spectra_filtered.mgf2315	2315	1	"""Enniatin B_CE25,38,59"""	ESI	Orbitrap	Commercial	Federico Padilla-Gonzalez	"""Sjors Rasker, Wout Bergkamp"""	M+NH4	657.444	639.409	1	917-13-5	N/A	[H][C@@]1(OC(=O)[C@H](C(C)C)N(C)C(=O)[C@H](OC(=O)[C@H](C(C)C)N(C)C(=O)[C@H](OC(=O)[C@H](C(C)C)N(C)C1=O)C(C)C)C(C)C)C(C)C	"""InChI=1S/C33H57N3O9/c1-16(2)22-31(40)43-26(20(9)10)29(38)35(14)24(18(5)6)33(42)45-27(21(11)12)30(39)36(15)23(17(3)4)32(41)44-25(19(7)8)28(37)34(22)13/h16-27H,1-15H3/t22-,23-,24-,25+,26+,27+/m0/s1"""	N/A	1	Positive	WFSR-LIBRARY	657.444	UPDATE-SINGLE-ANNOTATED-GOLD	Gold		C33H57N3O9	MIZMDSVSLSIMSC-VYLWARHZSA-N	MIZMDSVSLSIMSC	Organic acids and derivatives	Peptidomimetics	Depsipeptides	Oligopeptides	Cyclic peptides|Depsipeptides	Amino acids and Peptides|Polyketides	mzspec:GNPS:GNPS-LIBRARY:CCMSLIB00013936424
CCMSLIB00004697983	3346	spectra_filtered.mgf	MONA.mgf	0.83862	282509.0	0	33.0382	5	0.015564	471.106	0	temp/spectra_filtered.mgf3346	3346	1	"4-(3,4-dihydroxyphenyl)-7-hydroxy-5-[(2S,3R,4S,5S,6R)-3,4,5-trihydroxy-6-(hydroxymethyl)oxan-2-yl]oxychromen-2-one"	N/A	ESI-QFT	isolated	MoNA	MoNA:VF-NPL-QEHF006920	[M+Na]+	471.09	0.0	1	N/A	N/A	O=c1cc(-c2ccc(O)c(O)c2)c2c(O[C@@H]3O[C@H](CO)[C@@H](O)[C@H](O)[C@H]3O)cc(O)cc2o1	"InChI=1S/C21H20O11/c22-7-15-18(27)19(28)20(29)21(32-15)31-14-5-9(23)4-13-17(14)10(6-16(26)30-13)8-1-2-11(24)12(25)3-8/h1-6,15,18-25,27-29H,7H2/t15-,18-,19+,20-,21-/m1/s1"	N/A	3	positive	MONA	471.09	UPDATE-SINGLE-ANNOTATED-BRONZE	Bronze		C21H20O11	VAPVFWUBNBLVMB-CMWLGVBASA-N	VAPVFWUBNBLVMB	Phenylpropanoids and polyketides	Coumarins and derivatives	Coumarin glycosides	Coumarins	Simple coumarins	Shikimates and Phenylpropanoids	mzspec:GNPS:GNPS-LIBRARY:CCMSLIB00004697983
CCMSLIB00006673889	19865	spectra_filtered.mgf	GNPS-NUTRI-METAB-FEM-POS.mgf	0.836237	914949.0	0	8.85063	7	0.0022583	255.159	1	temp/spectra_filtered.mgf19865	19865	1	acetic_acid_isobutyl_ester	ESI	Orbitrap	Commercial	Ulaszewska	Marynka Ulaszewska	2M+Na	255.157	116.084	1	110-19-0	8038.0	CC(C)COC(=O)C	"InChI=1S/C6H12O2/c1-5(2)4-8-6(3)7/h5H,4H2,1-3H3"	N/A	1	Positive	GNPS-NUTRI-METAB-FEM-POS	255.157	UPDATE-SINGLE-ANNOTATED-GOLD	Gold		C6H12O2	GJRQTCIYDGXPES-UHFFFAOYSA-N	GJRQTCIYDGXPES	Organic acids and derivatives	Carboxylic acids and derivatives	Carboxylic acid derivatives	Fatty esters	Wax monoesters	Fatty acids	mzspec:GNPS:GNPS-LIBRARY:CCMSLIB00006673889
CCMSLIB00013940684	1780	spectra_filtered.mgf	WFSR-LIBRARY.mgf	0.835119	840220.0	0	0.327959	5	9.15527E-05	279.159	1	temp/spectra_filtered.mgf1780	1780	1	Dibutyl phthalate_CE15	ESI	Orbitrap	Commercial	Federico Padilla-Gonzalez	"""Sjors Rasker, Wout Bergkamp"""	M+H	279.159	278.152	1	84-74-2	N/A	CCCCOC(=O)C1=CC=CC=C1C(=O)OCCCC	"""InChI=1S/C16H22O4/c1-3-5-11-19-15(17)13-9-7-8-10-14(13)16(18)20-12-6-4-2/h7-10H,3-6,11-12H2,1-2H3"""	N/A	1	Positive	WFSR-LIBRARY	279.159	UPDATE-SINGLE-ANNOTATED-GOLD	Gold		C16H22O4	DOIRQSBPFJWKBE-UHFFFAOYSA-N	DOIRQSBPFJWKBE	Benzenoids	Benzene and substituted derivatives	Benzoic acids and derivatives	Phenolic acids (C6-C1)	Shikimic acids and derivatives|Simple phenolic acids	Shikimates and Phenylpropanoids	mzspec:GNPS:GNPS-LIBRARY:CCMSLIB00013940684
CCMSLIB00013939922	14067	spectra_filtered.mgf	WFSR-LIBRARY.mgf	0.83492	1435820.0	0	0.945259	5	0.000244141	258.279	1	temp/spectra_filtered.mgf14067	14067	1	Myristamine oxide_CE30	ESI	Orbitrap	Commercial	Federico Padilla-Gonzalez	"""Sjors Rasker, Wout Bergkamp"""	M+H	258.279	257.272	1	3332-27-2	N/A	CCCCCCCCCCCCCC[N+](C)(C)[O-]	"""InChI=1S/C16H35NO/c1-4-5-6-7-8-9-10-11-12-13-14-15-16-17(2,3)18/h4-16H2,1-3H3"""	N/A	1	Positive	WFSR-LIBRARY	258.279	UPDATE-SINGLE-ANNOTATED-GOLD	Gold		N/A	ONHFWHCMZAJCFB-UHFFFAOYSA-N	ONHFWHCMZAJCFB	Organic nitrogen compounds	Organonitrogen compounds	Aminoxides	N/A	N/A	N/A	mzspec:GNPS:GNPS-LIBRARY:CCMSLIB00013939922
CCMSLIB00003139757	49767	spectra_filtered.mgf	GNPS-NIST14-MATCHES.mgf	0.833294	363166.0	0	0.485247	6	0.000106812	220.118	1	temp/spectra_filtered.mgf49767	49767	1	Spectral Match to Pantothenic acid from NIST14	ESI	Q-TOF	Isolated	Data from Wolfender	Data deposited by pmallard	M+H	220.118	0.0	1	599542	N/A	N/A	N/A	N/A	3	Positive	GNPS-NIST14-MATCHES	220.118	UPDATE-SINGLE-ANNOTATED-BRONZE	Bronze		N/A	N/A	N/A	N/A	N/A	N/A	N/A	N/A	N/A	mzspec:GNPS:GNPS-LIBRARY:CCMSLIB00003139757
CCMSLIB00003139689	19808	spectra_filtered.mgf	GNPS-NIST14-MATCHES.mgf	0.832304	659010.0	0	0.33588	9	0.000152588	454.293	1	temp/spectra_filtered.mgf19808	19808	1	Spectral Match to 1-Palmitoyl-2-hydroxy-sn-glycero-3-phosphoethanolamine from NIST14	ESI	HCD	Isolated	Data from Pieter Dorrestein	Data deposited by lfnothias	M+H	454.293	0.0	1	53862354	N/A	N/A	N/A	N/A	3	Positive	GNPS-NIST14-MATCHES	454.293	UPDATE-SINGLE-ANNOTATED-BRONZE	Bronze		N/A	N/A	N/A	N/A	N/A	N/A	N/A	N/A	N/A	mzspec:GNPS:GNPS-LIBRARY:CCMSLIB00003139689
CCMSLIB00003134812	24536	spectra_filtered.mgf	GNPS-NIST14-MATCHES.mgf	0.829549	784939.0	0	3.49733	8	0.000976562	279.232	1	temp/spectra_filtered.mgf24536	24536	1	Spectral Match to 9(10)-EpOME from NIST14	ESI	HCD	Isolated	Data from Gabriel Haddad	Data deposited by mjmeehan	M+H-H2O	279.231	0.0	1	N/A	N/A	N/A	N/A	N/A	3	Positive	GNPS-NIST14-MATCHES	279.231	UPDATE-SINGLE-ANNOTATED-BRONZE	Bronze		N/A	N/A	N/A	N/A	N/A	N/A	N/A	N/A	N/A	mzspec:GNPS:GNPS-LIBRARY:CCMSLIB00003134812
CCMSLIB00006678082	5078	spectra_filtered.mgf	GNPS-LIBRARY.mgf	0.829142	3934110.0	0	1.67945	12	0.00115967	690.507	1	temp/spectra_filtered.mgf5078	5078	1	PE-DAG (16:0/16:1)	LC-ESI	Orbitrap	Other	S Ding	Su Ding	M+H	690.506	690.508	1	N/A	N/A	N/A	N/A	N/A	3	Positive	GNPS-LIBRARY	690.506	UPDATE-SINGLE-ANNOTATED-BRONZE	Bronze		N/A	N/A	N/A	N/A	N/A	N/A	N/A	N/A	N/A	mzspec:GNPS:GNPS-LIBRARY:CCMSLIB00006678082
CCMSLIB00000841631	4505	spectra_filtered.mgf	MASSBANKEU.mgf	0.827816	450433.0	0	0.687934	9	0.000274658	399.251	1	temp/spectra_filtered.mgf4505	4505	1	MassbankEU:SM824402 Tri(butoxyethyl) phosphate|tris(2-butoxyethyl) phosphate	ESI	LC-ESI-QFT	Isolated	Massbank EU	Massbank	[M+H]+	399.251	0.0	1	78-51-3	N/A	CCCCOCCOP(=O)(OCCOCCCC)OCCOCCCC	"1S/C18H39O7P/c1-4-7-10-20-13-16-23-26(19,24-17-14-21-11-8-5-2)25-18-15-22-12-9-6-3/h4-18H2,1-3H3"	N/A	3	Positive	MASSBANKEU	399.251	UPDATE-SINGLE-ANNOTATED-BRONZE	Bronze		C18H39O7P	WTLBZVNBAKMVDP-UHFFFAOYSA-N	WTLBZVNBAKMVDP	Organic acids and derivatives	Organic phosphoric acids and derivatives	Phosphate esters	Glycerophospholipids		Fatty acids	mzspec:GNPS:GNPS-LIBRARY:CCMSLIB00000841631
CCMSLIB00004697982	8757	spectra_filtered.mgf	MONA.mgf	0.827494	361128.0	0	32.7791	6	0.0154419	471.105	1	temp/spectra_filtered.mgf8757	8757	1	"4-(3,4-dihydroxyphenyl)-7-hydroxy-5-[(2S,3R,4S,5S,6R)-3,4,5-trihydroxy-6-(hydroxymethyl)oxan-2-yl]oxychromen-2-one"	N/A	ESI-QFT	isolated	MoNA	MoNA:VF-NPL-QEHF006919	[M+Na]+	471.09	0.0	1	N/A	N/A	O=c1cc(-c2ccc(O)c(O)c2)c2c(O[C@@H]3O[C@H](CO)[C@@H](O)[C@H](O)[C@H]3O)cc(O)cc2o1	"InChI=1S/C21H20O11/c22-7-15-18(27)19(28)20(29)21(32-15)31-14-5-9(23)4-13-17(14)10(6-16(26)30-13)8-1-2-11(24)12(25)3-8/h1-6,15,18-25,27-29H,7H2/t15-,18-,19+,20-,21-/m1/s1"	N/A	3	positive	MONA	471.09	UPDATE-SINGLE-ANNOTATED-BRONZE	Bronze		C21H20O11	VAPVFWUBNBLVMB-CMWLGVBASA-N	VAPVFWUBNBLVMB	Phenylpropanoids and polyketides	Coumarins and derivatives	Coumarin glycosides	Coumarins	Simple coumarins	Shikimates and Phenylpropanoids	mzspec:GNPS:GNPS-LIBRARY:CCMSLIB00004697982
CCMSLIB00003139019	8383	spectra_filtered.mgf	GNPS-NIST14-MATCHES.mgf	0.826615	1291530.0	0	0.998028	9	0.000274658	275.201	1	temp/spectra_filtered.mgf8383	8383	1	Spectral Match to 9-OxoOTrE from NIST14	ESI	Ion Trap	Isolated	Data from Wolfender/Litaudon	Data deposited by pmallard	M+H-H2O	275.201	292.204	1	125559742	N/A	CC/C=C\C/C=C\C=C\C(=O)CCCCCCCC(=O)O	"InChI=1S/C18H28O3/c1-2-3-4-5-6-8-11-14-17(19)15-12-9-7-10-13-16-18(20)21/h3-4,6,8,11,14H,2,5,7,9-10,12-13,15-16H2,1H3,(H,20,21)/b4-3-,8-6-,14-11+"	N/A	3	Positive	GNPS-NIST14-MATCHES	275.201	UPDATE-SINGLE-ANNOTATED-BRONZE	Bronze		C18H28O3	ACHDMUPTZYZIGR-CUHSZNQNSA-N	ACHDMUPTZYZIGR	Lipids and lipid-like molecules	Fatty Acyls	Lineolic acids and derivatives	Octadecanoids	Other Octadecanoids	Fatty acids	mzspec:GNPS:GNPS-LIBRARY:CCMSLIB00003139019
CCMSLIB00010098565	16763	spectra_filtered.mgf	PNNL-LIPIDS-POSITIVE.mgf	0.826238	1628160.0	0	0.851824	11	0.000610352	716.522	1	temp/spectra_filtered.mgf16763	16763	1	PE(16:1/18:1); [M+H]+ C39H75N1O8P1	LC-ESI	HCD; Velos	Commercial	Thomas Metz	Thomas Metz	M+H	716.523	0.0	1	N/A	N/A	N/A	N/A	N/A	1	Positive	PNNL-LIPIDS-POSITIVE	716.523	UPDATE-SINGLE-ANNOTATED-GOLD	Gold		N/A	N/A	N/A	N/A	N/A	N/A	N/A	N/A	N/A	mzspec:GNPS:GNPS-LIBRARY:CCMSLIB00010098565
CCMSLIB00016354652	54725	spectra_filtered.mgf	GNPS-ALKYLAMINES-LIBRARY.mgf	0.825054	321435.0	0	2.83981	6	0.000701904	247.167	1	temp/spectra_filtered.mgf54725	54725	1	o-acetyl serine_Cyclohexanone (known isomers: 0; isobaric peaks in run: 3)	LC-ESI	Orbitrap	Crude	Pieter Dorrestein	Julius	[M+NH4]+	247.166	229.131	1	N/A	Cyclohexanone_Amine_batch3_P3_F1.mzML:scan:1063	CC(=O)OC[C@H](NC1CCCCC1)C(=O)O	"InChI=1S/C11H19NO4/c1-8(13)16-7-10(11(14)15)12-9-5-3-2-4-6-9/h9-10,12H,2-7H2,1H3,(H,14,15)/t10-/m0/s1"		1	Positive	GNPS-ALKYLAMINES-LIBRARY	247.166	UPDATE-SINGLE-ANNOTATED-GOLD	Gold		C11H19NO4	SZTYOHUTKIYURX-JTQLQIEISA-N	SZTYOHUTKIYURX	N/A	N/A	N/A				mzspec:GNPS:GNPS-LIBRARY:CCMSLIB00016354652
CCMSLIB00006678147	6241	spectra_filtered.mgf	GNPS-LIBRARY.mgf	0.824601	1311560.0	0	0.555624	8	0.000274658	494.324	1	temp/spectra_filtered.mgf6241	6241	1	Lyso PC (16:1)	LC-ESI	Orbitrap	Other	S Ding	Su Ding	M+H	494.324	494.323	1	N/A	N/A	N/A	N/A	N/A	3	Positive	GNPS-LIBRARY	494.324	UPDATE-SINGLE-ANNOTATED-BRONZE	Bronze		N/A	N/A	N/A	N/A	N/A	N/A	N/A	N/A	N/A	mzspec:GNPS:GNPS-LIBRARY:CCMSLIB00006678147
CCMSLIB00003137318	19871	spectra_filtered.mgf	GNPS-NIST14-MATCHES.mgf	0.824461	530309.0	0	0.76245	9	0.000366211	480.308	1	temp/spectra_filtered.mgf19871	19871	1	Spectral Match to 1-(9Z-Octadecenoyl)-sn-glycero-3-phosphoethanolamine from NIST14	ESI	qTof	Isolated	Data from Pieter Dorrestein	Data deposited by lfnothias	M+H	480.308	479.301	1	89576294	N/A	CCCCCCCC/C=C\CCCCCCCC(=O)OC[C@H](COP(=O)(O)OCCN)O	"InChI=1S/C23H46NO7P/c1-2-3-4-5-6-7-8-9-10-11-12-13-14-15-16-17-23(26)29-20-22(25)21-31-32(27,28)30-19-18-24/h9-10,22,25H,2-8,11-21,24H2,1H3,(H,27,28)/b10-9-/t22-/m1/s1"	N/A	3	Positive	GNPS-NIST14-MATCHES	480.308	UPDATE-SINGLE-ANNOTATED-BRONZE	Bronze		C23H46NO7P	PYVRVRFVLRNJLY-MZMPXXGTSA-N	PYVRVRFVLRNJLY	Lipids and lipid-like molecules	Glycerophospholipids	Glycerophosphoethanolamines	Glycerophospholipids	Glycerophosphoethanolamines	Fatty acids	mzspec:GNPS:GNPS-LIBRARY:CCMSLIB00003137318
CCMSLIB00004697982	1232	spectra_filtered.mgf	MONA.mgf	0.82445	387255.0	0	33.0382	7	0.015564	471.106	1	temp/spectra_filtered.mgf1232	1232	1	"4-(3,4-dihydroxyphenyl)-7-hydroxy-5-[(2S,3R,4S,5S,6R)-3,4,5-trihydroxy-6-(hydroxymethyl)oxan-2-yl]oxychromen-2-one"	N/A	ESI-QFT	isolated	MoNA	MoNA:VF-NPL-QEHF006919	[M+Na]+	471.09	0.0	1	N/A	N/A	O=c1cc(-c2ccc(O)c(O)c2)c2c(O[C@@H]3O[C@H](CO)[C@@H](O)[C@H](O)[C@H]3O)cc(O)cc2o1	"InChI=1S/C21H20O11/c22-7-15-18(27)19(28)20(29)21(32-15)31-14-5-9(23)4-13-17(14)10(6-16(26)30-13)8-1-2-11(24)12(25)3-8/h1-6,15,18-25,27-29H,7H2/t15-,18-,19+,20-,21-/m1/s1"	N/A	3	positive	MONA	471.09	UPDATE-SINGLE-ANNOTATED-BRONZE	Bronze		C21H20O11	VAPVFWUBNBLVMB-CMWLGVBASA-N	VAPVFWUBNBLVMB	Phenylpropanoids and polyketides	Coumarins and derivatives	Coumarin glycosides	Coumarins	Simple coumarins	Shikimates and Phenylpropanoids	mzspec:GNPS:GNPS-LIBRARY:CCMSLIB00004697982
CCMSLIB00003139713	58484	spectra_filtered.mgf	GNPS-NIST14-MATCHES.mgf	0.823255	360896.0	0	0.677886	6	0.000244141	360.15	1	temp/spectra_filtered.mgf58484	58484	1	Spectral Match to Palatinose from NIST14	ESI	QqQ	Isolated	Data from Julia Gauglitz	Data deposited by fevargas	M+NH4	360.15	0.0	1	13718940	N/A	N/A	N/A	N/A	3	Positive	GNPS-NIST14-MATCHES	360.15	UPDATE-SINGLE-ANNOTATED-BRONZE	Bronze		N/A	N/A	N/A	N/A	N/A	N/A	N/A	N/A	N/A	mzspec:GNPS:GNPS-LIBRARY:CCMSLIB00003139713
CCMSLIB00005727736	3878	spectra_filtered.mgf	MASSBANK.mgf	0.820273	2554370.0	0	1.2867	6	0.000518799	403.202	1	temp/spectra_filtered.mgf3878	3878	1	Massbank:AC000716 Aurantiamide|N-((1s)-1-(((2s)-1-hydroxy-3-phenyl-propan-2-yl)carbamoyl)-2-phenyl-ethyl)benzamide	ESI	Hybrid FT	Isolated	Massbank	Massbank	M+H	403.201	0.0	1	58115-31-4	N/A	C1=CC=C(C=C1)C[C@@H](CO)NC(=O)[C@H](CC2=CC=CC=C2)NC(=O)C3=CC=CC=C3	"1S/C25H26N2O3/c28-18-22(16-19-10-4-1-5-11-19)26-25(30)23(17-20-12-6-2-7-13-20)27-24(29)21-14-8-3-9-15-21/h1-15,22-23,28H,16-18H2,(H,26,30)(H,27,29)/t22-,23-/m0/s1"	N/A	3	Positive	MASSBANK	403.201	UPDATE-SINGLE-ANNOTATED-BRONZE	Bronze		C25H26N2O3	KSVKECXWDNCRTM-GOTSBHOMSA-N	KSVKECXWDNCRTM	Organic acids and derivatives	Carboxylic acids and derivatives	"Amino acids, peptides, and analogues"	Peptide alkaloids|Small peptides	Dipeptides|Simple amide alkaloids	Alkaloids|Amino acids and Peptides	mzspec:GNPS:GNPS-LIBRARY:CCMSLIB00005727736
CCMSLIB00013038396	54489	spectra_filtered.mgf	MSNLIB-POSITIVE.mgf	0.819994	341792.0	0	1.21046	5	0.000228882	189.087	0	temp/spectra_filtered.mgf54489	54489	1	Aceglutamide	ESI	Orbitrap	Commercial	Tomas Pluskal	Corinna Brungs	[M+H]+	189.087	188.08	1	N/A	N/A	CC(=O)N[C@@H](CCC(N)=O)C(=O)O	"InChI=1S/C7H12N2O4/c1-4(10)9-5(7(12)13)2-3-6(8)11/h5H,2-3H2,1H3,(H2,8,11)(H,9,10)(H,12,13)/t5-/m0/s1"	KSMRODHGGIIXDV-YFKPBYRVSA-N	1	Positive	MSNLIB-POSITIVE	189.087	UPDATE-SINGLE-ANNOTATED-GOLD	Gold		C7H12N2O4	KSMRODHGGIIXDV-YFKPBYRVSA-N	KSMRODHGGIIXDV	Organic acids and derivatives	Carboxylic acids and derivatives	"Amino acids, peptides, and analogues"	Small peptides	Dipeptides	Amino acids and Peptides	mzspec:GNPS:GNPS-LIBRARY:CCMSLIB00013038396
CCMSLIB00004712772	2182	spectra_filtered.mgf	MONA.mgf	0.819419	1489980.0	0	0.999892	12	0.000671387	671.458	1	temp/spectra_filtered.mgf2182	2182	1	"(3S,6R,9S,12R,15S,18R)-3-butan-2-yl-4,10,16-trimethyl-6,9,12,15,18-penta(propan-2-yl)-1,7,13-trioxa-4,10,16-triazacyclooctadecane-2,5,8,11,14,17-hexone"	N/A	ESI-QFT	isolated	MoNA	MoNA:VF-NPL-QEHF021709	[M+NH4]+	671.459	0.0	1	N/A	N/A	CCC(C)[C@H]1C(=O)O[C@H](C(C)C)C(=O)N(C)[C@@H](C(C)C)C(=O)O[C@H](C(C)C)C(=O)N(C)[C@@H](C(C)C)C(=O)O[C@H](C(C)C)C(=O)N1C	"InChI=1S/C34H59N3O9/c1-16-22(12)25-34(43)46-27(20(8)9)30(39)36(14)23(17(2)3)32(41)44-26(19(6)7)29(38)35(13)24(18(4)5)33(42)45-28(21(10)11)31(40)37(25)15/h17-28H,16H2,1-15H3/t22?,23-,24-,25-,26+,27+,28+/m0/s1"	N/A	3	positive	MONA	671.459	UPDATE-SINGLE-ANNOTATED-BRONZE	Bronze		C34H59N3O9	UQCSETXJXJTMKO-HLRZJIOYSA-N	UQCSETXJXJTMKO	Organic acids and derivatives	Peptidomimetics	Depsipeptides	Oligopeptides	Cyclic peptides|Depsipeptides	Amino acids and Peptides|Polyketides	mzspec:GNPS:GNPS-LIBRARY:CCMSLIB00004712772
CCMSLIB00000579727	1970	spectra_filtered.mgf	CASMI.mgf	0.818594	174193.0	0	0.547026	7	0.000137329	251.047	1	temp/spectra_filtered.mgf1970	1970	1	Diphenylphosphate	LC-ESI	Orbitrap	Commercial	CASMI	CASMI2016	M+H	251.047	0.0	1	N/A	12722	OP(=O)(OC1=CC=CC=C1)OC1=CC=CC=C1	"""InChI=1S/C12H11O4P/c13-17(14,15-11-7-3-1-4-8-11)16-12-9-5-2-6-10-12/h1-10H,(H,13,14)"""		1	 Positive	CASMI	251.047	UPDATE-SINGLE-ANNOTATED-GOLD	Gold		C12H11O4P	ASMQGLCHMVWBQR-UHFFFAOYSA-N	ASMQGLCHMVWBQR	Organic acids and derivatives	Organic phosphoric acids and derivatives	Phosphate esters			Shikimates and Phenylpropanoids	mzspec:GNPS:GNPS-LIBRARY:CCMSLIB00000579727
CCMSLIB00000841631	2317	spectra_filtered.mgf	MASSBANKEU.mgf	0.81644	530673.0	0	0.917245	8	0.000366211	399.251	1	temp/spectra_filtered.mgf2317	2317	1	MassbankEU:SM824402 Tri(butoxyethyl) phosphate|tris(2-butoxyethyl) phosphate	ESI	LC-ESI-QFT	Isolated	Massbank EU	Massbank	[M+H]+	399.251	0.0	1	78-51-3	N/A	CCCCOCCOP(=O)(OCCOCCCC)OCCOCCCC	"1S/C18H39O7P/c1-4-7-10-20-13-16-23-26(19,24-17-14-21-11-8-5-2)25-18-15-22-12-9-6-3/h4-18H2,1-3H3"	N/A	3	Positive	MASSBANKEU	399.251	UPDATE-SINGLE-ANNOTATED-BRONZE	Bronze		C18H39O7P	WTLBZVNBAKMVDP-UHFFFAOYSA-N	WTLBZVNBAKMVDP	Organic acids and derivatives	Organic phosphoric acids and derivatives	Phosphate esters	Glycerophospholipids		Fatty acids	mzspec:GNPS:GNPS-LIBRARY:CCMSLIB00000841631
CCMSLIB00010059266	25874	spectra_filtered.mgf	PNNL-LIPIDS-POSITIVE.mgf	0.815173	4801020.0	0	1.24111	9	0.000854492	688.491	1	temp/spectra_filtered.mgf25874	25874	1	PE(16:1/16:1); [M+H]+ C37H71N1O8P1	LC-ESI	HCD; Velos	Commercial	Thomas Metz	Thomas Metz	M+H	688.492	0.0	1	N/A	N/A	N/A	N/A	N/A	1	Positive	PNNL-LIPIDS-POSITIVE	688.492	UPDATE-SINGLE-ANNOTATED-GOLD	Gold		N/A	N/A	N/A	N/A	N/A	N/A	N/A	N/A	N/A	mzspec:GNPS:GNPS-LIBRARY:CCMSLIB00010059266
CCMSLIB00013936395	2172	spectra_filtered.mgf	WFSR-LIBRARY.mgf	0.813912	3237020.0	0	2.76027	10	0.00189209	685.476	1	temp/spectra_filtered.mgf2172	2172	1	Enniatin A1_CE30	ESI	Orbitrap	Commercial	Federico Padilla-Gonzalez	"""Sjors Rasker, Wout Bergkamp"""	M+NH4	685.474	667.441	1	4530-21-6	N/A	[H][C@@]1([C@@H](C)CC)N(C)C(=O)[C@H](OC(=O)[C@H](C(C)C)N(C)C(=O)[C@H](OC(=O)[C@]([H])([C@@H](C)CC)N(C)C(=O)[C@H](OC1=O)C(C)C)C(C)C)C(C)C	"""InChI=1S/C35H61N3O9/c1-16-22(11)25-34(43)46-27(19(5)6)30(39)36(13)24(18(3)4)33(42)45-28(20(7)8)31(40)37(14)26(23(12)17-2)35(44)47-29(21(9)10)32(41)38(25)15/h18-29H,16-17H2,1-15H3/t22-,23-,24-,25-,26-,27+,28+,29+/m0/s1"""	N/A	1	Positive	WFSR-LIBRARY	685.474	UPDATE-SINGLE-ANNOTATED-GOLD	Gold		C35H61N3O9	OWUREPXBPJFMOK-CIRFPNLUSA-N	OWUREPXBPJFMOK	Organic acids and derivatives	Peptidomimetics	Depsipeptides	Oligopeptides	Cyclic peptides|Depsipeptides	Amino acids and Peptides|Polyketides	mzspec:GNPS:GNPS-LIBRARY:CCMSLIB00013936395
CCMSLIB00006678083	4939	spectra_filtered.mgf	GNPS-LIBRARY.mgf	0.811765	556055.0	0	0.0	6	0.0	676.491	1	temp/spectra_filtered.mgf4939	4939	1	PE-DAG (15:0/16:1)	LC-ESI	Orbitrap	Other	S Ding	Su Ding	M+H	676.491	676.49	1	N/A	N/A	N/A	N/A	N/A	3	Positive	GNPS-LIBRARY	676.491	UPDATE-SINGLE-ANNOTATED-BRONZE	Bronze		N/A	N/A	N/A	N/A	N/A	N/A	N/A	N/A	N/A	mzspec:GNPS:GNPS-LIBRARY:CCMSLIB00006678083
CCMSLIB00010055409	9735	spectra_filtered.mgf	PNNL-LIPIDS-POSITIVE.mgf	0.810922	4332450.0	0	1.24111	6	0.000854492	688.491	1	temp/spectra_filtered.mgf9735	9735	1	PE(16:1/16:1); [M+H]+ C37H71N1O8P1	LC-ESI	CID; Lumos	Commercial	Thomas Metz	Thomas Metz	M+H	688.492	0.0	1	N/A	N/A	N/A	N/A	N/A	1	Positive	PNNL-LIPIDS-POSITIVE	688.492	UPDATE-SINGLE-ANNOTATED-GOLD	Gold		N/A	N/A	N/A	N/A	N/A	N/A	N/A	N/A	N/A	mzspec:GNPS:GNPS-LIBRARY:CCMSLIB00010055409
CCMSLIB00012447992	24805	spectra_filtered.mgf	MSNLIB-POSITIVE.mgf	0.809302	1379290.0	0	0.752335	10	0.000335693	446.202	1	temp/spectra_filtered.mgf24805	24805	1	CHEBI:167770	ESI	Orbitrap	Crude	Tomas Pluskal	Corinna Brungs	[M+NH4]+	446.202	428.168	1	N/A	N/A	CC(O)(CC(=O)O)CC(=O)O[C@@H]1[C@@H](O)[C@H](OCCc2ccccc2)O[C@H](CO)[C@H]1O	"InChI=1S/C20H28O10/c1-20(27,9-14(22)23)10-15(24)30-18-16(25)13(11-21)29-19(17(18)26)28-8-7-12-5-3-2-4-6-12/h2-6,13,16-19,21,25-27H,7-11H2,1H3,(H,22,23)/t13-,16-,17-,18+,19-,20?/m1/s1"	WGMNBGJQXOIVGA-HJVQXQJGSA-N	1	Positive	MSNLIB-POSITIVE	446.202	UPDATE-SINGLE-ANNOTATED-GOLD	Gold		C20H28O10	WGMNBGJQXOIVGA-HJVQXQJGSA-N	WGMNBGJQXOIVGA	N/A	N/A	N/A				mzspec:GNPS:GNPS-LIBRARY:CCMSLIB00012447992
CCMSLIB00003139554	4855	spectra_filtered.mgf	GNPS-NIST14-MATCHES.mgf	0.807887	296270.0	0	1.06844	8	0.000396729	371.316	1	temp/spectra_filtered.mgf4855	4855	1	"Spectral Match to Hexanedioic acid, bis(2-ethylhexyl) ester from NIST14"	ESI	QQQ	Isolated	Data from Piel	Data deposited by eriche	M+H	371.316	370.308	1	103231	N/A	CCCCC(CC)COC(=O)CCCCC(=O)OCC(CC)CCCC	"InChI=1S/C22H42O4/c1-5-9-13-19(7-3)17-25-21(23)15-11-12-16-22(24)26-18-20(8-4)14-10-6-2/h19-20H,5-18H2,1-4H3"	N/A	3	Positive	GNPS-NIST14-MATCHES	371.316	UPDATE-SINGLE-ANNOTATED-BRONZE	Bronze		C22H42O4	SAOKZLXYCUGLFA-UHFFFAOYSA-N	SAOKZLXYCUGLFA	Lipids and lipid-like molecules	Fatty Acyls	Fatty acid esters	Fatty esters	Wax diesters|Wax monoesters	Fatty acids	mzspec:GNPS:GNPS-LIBRARY:CCMSLIB00003139554
CCMSLIB00005774329	31051	spectra_filtered.mgf	MASSBANK.mgf	0.806004	355105.0	0	1.5849	5	0.000320435	202.18	1	temp/spectra_filtered.mgf31051	31051	1	"Massbank:AU252106 4-Hydroxy-1-(2-hydroxyethyl)-2,2,6,6-tetramethylpiperidine|1-Piperidineethanol, 4-hydroxy-2,2,6,6-tetramethyl-|1-(2-hydroxyethyl)-2,2,6,6-tetramethylpiperidin-4-ol"	ESI	qTof	Isolated	Massbank	Massbank	M+H	202.18	0.0	1	52722-86-8	N/A	CC1(C)CC(O)CC(C)(C)N1CCO	"1S/C11H23NO2/c1-10(2)7-9(14)8-11(3,4)12(10)5-6-13/h9,13-14H,5-8H2,1-4H3"	N/A	3	Positive	MASSBANK	202.18	UPDATE-SINGLE-ANNOTATED-BRONZE	Bronze		C11H23NO2	STEYNUVPFMIUOY-UHFFFAOYSA-N	STEYNUVPFMIUOY	N/A	N/A	N/A	Lysine alkaloids	Piperidine alkaloids	Alkaloids	mzspec:GNPS:GNPS-LIBRARY:CCMSLIB00005774329
CCMSLIB00017429937	12699	spectra_filtered.mgf	GNPS-ION-MOBILITY-LIBRARY.mgf	0.804835	2717700.0	0	82.1113	5	0.0160217	195.138	1	temp/spectra_filtered.mgf12699	12699	1	tetraethylene glycol [CCS=140.2132568359375]	LC-ESI	ToF	Crude	Pieter Dorrestein	victoriadeleray	[M+H]+	195.122	194.115	1	N/A	N/A	OCCOCCOCCOCCO	"InChI=1S/C8H18O5/c9-1-3-11-5-7-13-8-6-12-4-2-10/h9-10H,1-8H2"	N/A	1	Positive	GNPS-ION-MOBILITY-LIBRARY	195.122	UPDATE-SINGLE-ANNOTATED-GOLD	Gold		C8H18O5	UWHCKJMYHZGTIT-UHFFFAOYSA-N	UWHCKJMYHZGTIT	Organic oxygen compounds	Organooxygen compounds	Ethers				mzspec:GNPS:GNPS-LIBRARY:CCMSLIB00017429937
CCMSLIB00016346980	62385	spectra_filtered.mgf	GNPS-ALKYLAMINES-LIBRARY.mgf	0.804068	550986.0	0	53.6009	5	0.014801	276.119	1	temp/spectra_filtered.mgf62385	62385	1	Glutamine_Indole-3-carbaldehyde (known isomers: 0; isobaric peaks in run: 1)	LC-ESI	Orbitrap	Crude	Pieter Dorrestein	Julius	[M+H]+	276.134	275.127	1	N/A	Indole-3-carbaldehyde_Amine_batch1_P1_B1.mzML:scan:1211	NC(=O)CCC(NCc1c[nH]c2ccccc12)C(=O)O	"InChI=1S/C14H17N3O3/c15-13(18)6-5-12(14(19)20)17-8-9-7-16-11-4-2-1-3-10(9)11/h1-4,7,12,16-17H,5-6,8H2,(H2,15,18)(H,19,20)"		1	Positive	GNPS-ALKYLAMINES-LIBRARY	276.134	UPDATE-SINGLE-ANNOTATED-GOLD	Gold		C14H17N3O3	WUKQBMGQIIBDLP-UHFFFAOYSA-N	WUKQBMGQIIBDLP	N/A	N/A	N/A	Small peptides	Dipeptides	Amino acids and Peptides	mzspec:GNPS:GNPS-LIBRARY:CCMSLIB00016346980
CCMSLIB00010086490	24742	spectra_filtered.mgf	PNNL-LIPIDS-POSITIVE.mgf	0.802831	6841110.0	0	1.61941	8	0.000732422	452.277	1	temp/spectra_filtered.mgf24742	24742	1	PE(16:1/0:0); [M+H]+ C21H43N1O7P1	LC-ESI	qTof	Commercial	Thomas Metz	Thomas Metz	M+H	452.278	0.0	1	N/A	N/A	N/A	N/A	N/A	1	Positive	PNNL-LIPIDS-POSITIVE	452.278	UPDATE-SINGLE-ANNOTATED-GOLD	Gold		N/A	N/A	N/A	N/A	N/A	N/A	N/A	N/A	N/A	mzspec:GNPS:GNPS-LIBRARY:CCMSLIB00010086490
CCMSLIB00005738623	5197	spectra_filtered.mgf	MASSBANK.mgf	0.799779	1470080.0	0	0.327873	11	9.15527E-05	279.232	1	temp/spectra_filtered.mgf5197	5197	1	"Massbank:RP030402 ?-linolenic acid|linolenic acid|(9Z,12Z,15Z)-octadeca-9,12,15-trienoic acid"	ESI	qTof	Isolated	Massbank	Massbank	M+H	279.232	0.0	1	463-40-1	N/A	CC/C=C\C/C=C\C/C=C\CCCCCCCC(=O)O	"1S/C18H30O2/c1-2-3-4-5-6-7-8-9-10-11-12-13-14-15-16-17-18(19)20/h3-4,6-7,9-10H,2,5,8,11-17H2,1H3,(H,19,20)/b4-3-,7-6-,10-9-"	N/A	3	Positive	MASSBANK	279.232	UPDATE-SINGLE-ANNOTATED-BRONZE	Bronze		C18H30O2	DTOSIQBPPRVQHS-PDBXOOCHSA-N	DTOSIQBPPRVQHS	Lipids and lipid-like molecules	Fatty Acyls	Lineolic acids and derivatives	Fatty Acids and Conjugates	Unsaturated fatty acids	Fatty acids	mzspec:GNPS:GNPS-LIBRARY:CCMSLIB00005738623
CCMSLIB00003137992	16710	spectra_filtered.mgf	GNPS-NIST14-MATCHES.mgf	0.798758	1456080.0	0	0.516849	8	0.000152588	295.227	1	temp/spectra_filtered.mgf16710	16710	1	"Spectral Match to 13-Keto-9Z,11E-octadecadienoic acid from NIST14"	ESI	HCD	Isolated	Data from Wolfender/Litaudon	Data deposited by pmallard	M+H	295.227	0.0	1	54739309	N/A	N/A	N/A	N/A	3	Positive	GNPS-NIST14-MATCHES	295.227	UPDATE-SINGLE-ANNOTATED-BRONZE	Bronze		N/A	N/A	N/A	N/A	N/A	N/A	N/A	N/A	N/A	mzspec:GNPS:GNPS-LIBRARY:CCMSLIB00003137992
CCMSLIB00003137820	21421	spectra_filtered.mgf	GNPS-NIST14-MATCHES.mgf	0.797688	93572.8	0	0.0	5	0.0	279.232	1	temp/spectra_filtered.mgf21421	21421	1	Spectral Match to 12(13)-Epoxy-9Z-octadecenoic acid from NIST14	ESI	qTof	Isolated	Data from Wolfender/Litaudon	Data deposited by pmallard	M+H-H2O	279.232	296.235	1	948310687	N/A	CCCCCC1C(O1)C/C=C\CCCCCCCC(=O)O	"InChI=1S/C18H32O3/c1-2-3-10-13-16-17(21-16)14-11-8-6-4-5-7-9-12-15-18(19)20/h8,11,16-17H,2-7,9-10,12-15H2,1H3,(H,19,20)/b11-8-"	N/A	3	Positive	GNPS-NIST14-MATCHES	279.232	UPDATE-SINGLE-ANNOTATED-BRONZE	Bronze		C18H32O3	CCPPLLJZDQAOHD-FLIBITNWSA-N	CCPPLLJZDQAOHD	Lipids and lipid-like molecules	Fatty Acyls	Fatty acids and conjugates	Fatty Acids and Conjugates	Epoxy fatty acids	Fatty acids	mzspec:GNPS:GNPS-LIBRARY:CCMSLIB00003137820
CCMSLIB00006678084	25963	spectra_filtered.mgf	GNPS-LIBRARY.mgf	0.794637	726779.0	0	0.552791	8	0.000366211	662.476	1	temp/spectra_filtered.mgf25963	25963	1	PE-DAG (14:0/16:1)	LC-ESI	Orbitrap	Other	S Ding	Su Ding	M+H	662.476	662.474	1	N/A	N/A	N/A	N/A	N/A	3	Positive	GNPS-LIBRARY	662.476	UPDATE-SINGLE-ANNOTATED-BRONZE	Bronze		N/A	N/A	N/A	N/A	N/A	N/A	N/A	N/A	N/A	mzspec:GNPS:GNPS-LIBRARY:CCMSLIB00006678084
CCMSLIB00013939922	10156	spectra_filtered.mgf	WFSR-LIBRARY.mgf	0.792725	3534630.0	0	0.827102	5	0.000213623	258.279	1	temp/spectra_filtered.mgf10156	10156	1	Myristamine oxide_CE30	ESI	Orbitrap	Commercial	Federico Padilla-Gonzalez	"""Sjors Rasker, Wout Bergkamp"""	M+H	258.279	257.272	1	3332-27-2	N/A	CCCCCCCCCCCCCC[N+](C)(C)[O-]	"""InChI=1S/C16H35NO/c1-4-5-6-7-8-9-10-11-12-13-14-15-16-17(2,3)18/h4-16H2,1-3H3"""	N/A	1	Positive	WFSR-LIBRARY	258.279	UPDATE-SINGLE-ANNOTATED-GOLD	Gold		N/A	ONHFWHCMZAJCFB-UHFFFAOYSA-N	ONHFWHCMZAJCFB	Organic nitrogen compounds	Organonitrogen compounds	Aminoxides	N/A	N/A	N/A	mzspec:GNPS:GNPS-LIBRARY:CCMSLIB00013939922
CCMSLIB00013576279	59843	spectra_filtered.mgf	CMMC-FOOD-BIOMARKERS.mgf	0.792153	531909.0	0	0.784254	5	0.000137329	175.108	1	temp/spectra_filtered.mgf59843	59843	1	N-Acetylornithine (known structural isomers: 1; isobaric peaks in run: 0)	LC-ESI	Orbitrap	Crude	Pieter Dorrestein	Julius	[M+H]+	175.108	174.1	1	N/A	N/A	CC(=O)N[C@@H](CCCN)C(=O)O	"InChI=1S/C7H14N2O3/c1-5(10)9-6(7(11)12)3-2-4-8/h6H,2-4,8H2,1H3,(H,9,10)(H,11,12)/t6-/m0/s1"	"InChI=1S/C7H14N2O3/c1-5(10)9-6(7(11)12)3-2-4-8/h6H,2-4,8H2,1H3,(H,9,10)(H,11,12)/t6-/m0/s1 [M+H]+"	1	Positive	CMMC-FOOD-BIOMARKERS	175.108	UPDATE-SINGLE-ANNOTATED-GOLD	Gold		C7H14N2O3	JRLGPAXAGHMNOL-LURJTMIESA-N	JRLGPAXAGHMNOL	Organic acids and derivatives	Carboxylic acids and derivatives	"Amino acids, peptides, and analogues"	Small peptides	Dipeptides	Amino acids and Peptides	mzspec:GNPS:GNPS-LIBRARY:CCMSLIB00013576279
CCMSLIB00003137992	12853	spectra_filtered.mgf	GNPS-NIST14-MATCHES.mgf	0.7908	1485010.0	0	0.620219	8	0.000183105	295.227	1	temp/spectra_filtered.mgf12853	12853	1	"Spectral Match to 13-Keto-9Z,11E-octadecadienoic acid from NIST14"	ESI	HCD	Isolated	Data from Wolfender/Litaudon	Data deposited by pmallard	M+H	295.227	0.0	1	54739309	N/A	N/A	N/A	N/A	3	Positive	GNPS-NIST14-MATCHES	295.227	UPDATE-SINGLE-ANNOTATED-BRONZE	Bronze		N/A	N/A	N/A	N/A	N/A	N/A	N/A	N/A	N/A	mzspec:GNPS:GNPS-LIBRARY:CCMSLIB00003137992
CCMSLIB00010114577	12057	spectra_filtered.mgf	BERKELEY-LAB.mgf	0.786999	133219.0	0	3.37647	5	0.00050354	149.133	1	temp/spectra_filtered.mgf12057	12057	1	(1R)-(-)-Nopol CollisionEnergy:102040	LC-ESI	Orbitrap	Commercial	Trent Northen	JGI	M+H-H2O	149.132	0.0	1	N/A	N/A	CC1(C)C2CC=C(CCO)C1C2	"""InChI=1S/C11H18O/c1-11(2)9-4-3-8(5-6-12)10(11)7-9/h3,9-10,12H,4-7H2,1-2H3/t9-,10?/m0/s1"""	N/A	3	Positive	BERKELEY-LAB	149.132	UPDATE-SINGLE-ANNOTATED-BRONZE	Bronze		C11H18O	ROKSAUSPJGWCSM-UHFFFAOYSA-N	ROKSAUSPJGWCSM	Lipids and lipid-like molecules	Prenol lipids	Monoterpenoids	Monoterpenoids	Pinane monoterpenoids	Terpenoids	mzspec:GNPS:GNPS-LIBRARY:CCMSLIB00010114577
CCMSLIB00003135617	21360	spectra_filtered.mgf	GNPS-NIST14-MATCHES.mgf	0.785178	1079460.0	0	5.43641	7	0.00390625	718.539	1	temp/spectra_filtered.mgf21360	21360	1	Spectral Match to 1-Hexadecanoyl-2-(9Z-octadecenoyl)-sn-glycero-3-phosphoethanolamine from NIST14	ESI	qTof	Isolated	Data from Katrina Waters;Yoshihiro Kawaoka;Richard Smith;Thomas Metz;Ralph Baric	Data deposited by alchemistmatt	M+H	718.535	717.531	1	26662942	N/A	CCCCCCCCCCCCCCCC(=O)OC[C@H](COP(=O)(O)OCCN)OC(=O)CCCCCCC/C=C\CCCCCCCC	"InChI=1S/C39H76NO8P/c1-3-5-7-9-11-13-15-17-18-20-22-24-26-28-30-32-39(42)48-37(36-47-49(43,44)46-34-33-40)35-45-38(41)31-29-27-25-23-21-19-16-14-12-10-8-6-4-2/h17-18,37H,3-16,19-36,40H2,1-2H3,(H,43,44)/b18-17-/t37-/m1/s1"	N/A	3	Positive	GNPS-NIST14-MATCHES	718.535	UPDATE-SINGLE-ANNOTATED-BRONZE	Bronze		C39H76NO8P	FHQVHHIBKUMWTI-OTMQOFQLSA-N	FHQVHHIBKUMWTI	Lipids and lipid-like molecules	Glycerophospholipids	Glycerophosphoethanolamines	Glycerophospholipids	Glycerophosphoethanolamines	Fatty acids	mzspec:GNPS:GNPS-LIBRARY:CCMSLIB00003135617
CCMSLIB00003137992	20242	spectra_filtered.mgf	GNPS-NIST14-MATCHES.mgf	0.785104	1161950.0	0	0.41348	8	0.00012207	295.227	1	temp/spectra_filtered.mgf20242	20242	1	"Spectral Match to 13-Keto-9Z,11E-octadecadienoic acid from NIST14"	ESI	HCD	Isolated	Data from Wolfender/Litaudon	Data deposited by pmallard	M+H	295.227	0.0	1	54739309	N/A	N/A	N/A	N/A	3	Positive	GNPS-NIST14-MATCHES	295.227	UPDATE-SINGLE-ANNOTATED-BRONZE	Bronze		N/A	N/A	N/A	N/A	N/A	N/A	N/A	N/A	N/A	mzspec:GNPS:GNPS-LIBRARY:CCMSLIB00003137992
CCMSLIB00013939922	21224	spectra_filtered.mgf	WFSR-LIBRARY.mgf	0.784804	766350.0	0	1.06342	5	0.000274658	258.279	0	temp/spectra_filtered.mgf21224	21224	1	Myristamine oxide_CE30	ESI	Orbitrap	Commercial	Federico Padilla-Gonzalez	"""Sjors Rasker, Wout Bergkamp"""	M+H	258.279	257.272	1	3332-27-2	N/A	CCCCCCCCCCCCCC[N+](C)(C)[O-]	"""InChI=1S/C16H35NO/c1-4-5-6-7-8-9-10-11-12-13-14-15-16-17(2,3)18/h4-16H2,1-3H3"""	N/A	1	Positive	WFSR-LIBRARY	258.279	UPDATE-SINGLE-ANNOTATED-GOLD	Gold		N/A	ONHFWHCMZAJCFB-UHFFFAOYSA-N	ONHFWHCMZAJCFB	Organic nitrogen compounds	Organonitrogen compounds	Aminoxides	N/A	N/A	N/A	mzspec:GNPS:GNPS-LIBRARY:CCMSLIB00013939922
CCMSLIB00000848866	53675	spectra_filtered.mgf	GNPS-NIH-NATURALPRODUCTSLIBRARY_ROUND2_POSITIVE.mgf	0.784522	853574.0	0	0.215994	15	0.00012207	565.155	1	temp/spectra_filtered.mgf53675	53675	1	"NCGC00169650-03!5,7-dihydroxy-2-(4-hydroxyphenyl)-8-[3,4,5-trihydroxy-6-(hydroxymethyl)oxan-2-yl]-6-(3,4,5-trihydroxyoxan-2-yl)chromen-4-one"	LC-ESI	Maxis II HD Q-TOF Bruker	isolated	Jadhav/Dorrestein	lfnothias	M+H	565.155	564.148	1	n/a	n/a	OCC1OC(C(O)C(O)C1O)C2=C3OC(=CC(=O)C3=C(O)C(C4OCC(O)C(O)C4O)=C2O)C5=CC=C(O)C=C5	"InChI=1S/C26H28O14/c27-6-13-18(32)21(35)23(37)26(40-13)16-20(34)15(25-22(36)17(31)11(30)7-38-25)19(33)14-10(29)5-12(39-24(14)16)8-1-3-9(28)4-2-8/h1-5,11,13,17-18,21-23,25-28,30-37H,6-7H2"	N/A	1	positive	GNPS-NIH-NATURALPRODUCTSLIBRARY_ROUND2_POSITIVE	565.155	UPDATE-SINGLE-ANNOTATED-GOLD	Gold		C26H28O14	OVMFOVNOXASTPA-UHFFFAOYSA-N	OVMFOVNOXASTPA	Phenylpropanoids and polyketides	Flavonoids	Flavonoid glycosides	Flavonoids	Flavones	Shikimates and Phenylpropanoids	mzspec:GNPS:GNPS-LIBRARY:CCMSLIB00000848866
CCMSLIB00005760659	1829	spectra_filtered.mgf	MASSBANK.mgf	0.782599	548299.0	0	1.58933	6	0.000640869	403.232	1	temp/spectra_filtered.mgf1829	1829	1	"Massbank:LU052302 Acetyl tributyl citrate|tributyl 2-acetyloxypropane-1,2,3-tricarboxylate"	ESI	Hybrid FT	Isolated	Massbank	Massbank	M+H	403.233	0.0	1	77-90-7	N/A	CCCCOC(=O)CC(CC(=O)OCCCC)(OC(C)=O)C(=O)OCCCC	"1S/C20H34O8/c1-5-8-11-25-17(22)14-20(28-16(4)21,19(24)27-13-10-7-3)15-18(23)26-12-9-6-2/h5-15H2,1-4H3"	N/A	3	Positive	MASSBANK	403.233	UPDATE-SINGLE-ANNOTATED-BRONZE	Bronze		C20H34O8	QZCLKYGREBVARF-UHFFFAOYSA-N	QZCLKYGREBVARF	Organic acids and derivatives	Carboxylic acids and derivatives	Tetracarboxylic acids and derivatives	Fatty esters	Wax monoesters	Fatty acids	mzspec:GNPS:GNPS-LIBRARY:CCMSLIB00005760659
CCMSLIB00005727736	6807	spectra_filtered.mgf	MASSBANK.mgf	0.779536	1202120.0	0	1.43808	6	0.000579834	403.202	1	temp/spectra_filtered.mgf6807	6807	1	Massbank:AC000716 Aurantiamide|N-((1s)-1-(((2s)-1-hydroxy-3-phenyl-propan-2-yl)carbamoyl)-2-phenyl-ethyl)benzamide	ESI	Hybrid FT	Isolated	Massbank	Massbank	M+H	403.201	0.0	1	58115-31-4	N/A	C1=CC=C(C=C1)C[C@@H](CO)NC(=O)[C@H](CC2=CC=CC=C2)NC(=O)C3=CC=CC=C3	"1S/C25H26N2O3/c28-18-22(16-19-10-4-1-5-11-19)26-25(30)23(17-20-12-6-2-7-13-20)27-24(29)21-14-8-3-9-15-21/h1-15,22-23,28H,16-18H2,(H,26,30)(H,27,29)/t22-,23-/m0/s1"	N/A	3	Positive	MASSBANK	403.201	UPDATE-SINGLE-ANNOTATED-BRONZE	Bronze		C25H26N2O3	KSVKECXWDNCRTM-GOTSBHOMSA-N	KSVKECXWDNCRTM	Organic acids and derivatives	Carboxylic acids and derivatives	"Amino acids, peptides, and analogues"	Peptide alkaloids|Small peptides	Dipeptides|Simple amide alkaloids	Alkaloids|Amino acids and Peptides	mzspec:GNPS:GNPS-LIBRARY:CCMSLIB00005727736
CCMSLIB00010086490	6117	spectra_filtered.mgf	PNNL-LIPIDS-POSITIVE.mgf	0.779472	5304050.0	0	1.68688	7	0.000762939	452.277	1	temp/spectra_filtered.mgf6117	6117	1	PE(16:1/0:0); [M+H]+ C21H43N1O7P1	LC-ESI	qTof	Commercial	Thomas Metz	Thomas Metz	M+H	452.278	0.0	1	N/A	N/A	N/A	N/A	N/A	1	Positive	PNNL-LIPIDS-POSITIVE	452.278	UPDATE-SINGLE-ANNOTATED-GOLD	Gold		N/A	N/A	N/A	N/A	N/A	N/A	N/A	N/A	N/A	mzspec:GNPS:GNPS-LIBRARY:CCMSLIB00010086490
CCMSLIB00003135617	15254	spectra_filtered.mgf	GNPS-NIST14-MATCHES.mgf	0.779226	1109890.0	0	5.43641	7	0.00390625	718.539	1	temp/spectra_filtered.mgf15254	15254	1	Spectral Match to 1-Hexadecanoyl-2-(9Z-octadecenoyl)-sn-glycero-3-phosphoethanolamine from NIST14	ESI	qTof	Isolated	Data from Katrina Waters;Yoshihiro Kawaoka;Richard Smith;Thomas Metz;Ralph Baric	Data deposited by alchemistmatt	M+H	718.535	717.531	1	26662942	N/A	CCCCCCCCCCCCCCCC(=O)OC[C@H](COP(=O)(O)OCCN)OC(=O)CCCCCCC/C=C\CCCCCCCC	"InChI=1S/C39H76NO8P/c1-3-5-7-9-11-13-15-17-18-20-22-24-26-28-30-32-39(42)48-37(36-47-49(43,44)46-34-33-40)35-45-38(41)31-29-27-25-23-21-19-16-14-12-10-8-6-4-2/h17-18,37H,3-16,19-36,40H2,1-2H3,(H,43,44)/b18-17-/t37-/m1/s1"	N/A	3	Positive	GNPS-NIST14-MATCHES	718.535	UPDATE-SINGLE-ANNOTATED-BRONZE	Bronze		C39H76NO8P	FHQVHHIBKUMWTI-OTMQOFQLSA-N	FHQVHHIBKUMWTI	Lipids and lipid-like molecules	Glycerophospholipids	Glycerophosphoethanolamines	Glycerophospholipids	Glycerophosphoethanolamines	Fatty acids	mzspec:GNPS:GNPS-LIBRARY:CCMSLIB00003135617
CCMSLIB00017429937	24572	spectra_filtered.mgf	GNPS-ION-MOBILITY-LIBRARY.mgf	0.774342	17864400.0	0	82.1113	5	0.0160217	195.138	1	temp/spectra_filtered.mgf24572	24572	1	tetraethylene glycol [CCS=140.2132568359375]	LC-ESI	ToF	Crude	Pieter Dorrestein	victoriadeleray	[M+H]+	195.122	194.115	1	N/A	N/A	OCCOCCOCCOCCO	"InChI=1S/C8H18O5/c9-1-3-11-5-7-13-8-6-12-4-2-10/h9-10H,1-8H2"	N/A	1	Positive	GNPS-ION-MOBILITY-LIBRARY	195.122	UPDATE-SINGLE-ANNOTATED-GOLD	Gold		C8H18O5	UWHCKJMYHZGTIT-UHFFFAOYSA-N	UWHCKJMYHZGTIT	Organic oxygen compounds	Organooxygen compounds	Ethers				mzspec:GNPS:GNPS-LIBRARY:CCMSLIB00017429937
CCMSLIB00006673889	6149	spectra_filtered.mgf	GNPS-NUTRI-METAB-FEM-POS.mgf	0.773285	688267.0	0	8.55163	7	0.00218201	255.159	1	temp/spectra_filtered.mgf6149	6149	1	acetic_acid_isobutyl_ester	ESI	Orbitrap	Commercial	Ulaszewska	Marynka Ulaszewska	2M+Na	255.157	116.084	1	110-19-0	8038.0	CC(C)COC(=O)C	"InChI=1S/C6H12O2/c1-5(2)4-8-6(3)7/h5H,4H2,1-3H3"	N/A	1	Positive	GNPS-NUTRI-METAB-FEM-POS	255.157	UPDATE-SINGLE-ANNOTATED-GOLD	Gold		C6H12O2	GJRQTCIYDGXPES-UHFFFAOYSA-N	GJRQTCIYDGXPES	Organic acids and derivatives	Carboxylic acids and derivatives	Carboxylic acid derivatives	Fatty esters	Wax monoesters	Fatty acids	mzspec:GNPS:GNPS-LIBRARY:CCMSLIB00006673889
CCMSLIB00010100055	12124	spectra_filtered.mgf	PNNL-LIPIDS-POSITIVE.mgf	0.772554	256192.0	0	0.245926	5	0.000183105	744.554	1	temp/spectra_filtered.mgf12124	12124	1	PE(18:1/18:1); [M+H]+ C41H79N1O8P1	LC-ESI	HCD; Velos	Commercial	Thomas Metz	Thomas Metz	M+H	744.554	0.0	1	N/A	N/A	N/A	N/A	N/A	1	Positive	PNNL-LIPIDS-POSITIVE	744.554	UPDATE-SINGLE-ANNOTATED-GOLD	Gold		N/A	N/A	N/A	N/A	N/A	N/A	N/A	N/A	N/A	mzspec:GNPS:GNPS-LIBRARY:CCMSLIB00010100055
CCMSLIB00013583446	4930	spectra_filtered.mgf	GNPS-LIBRARY.mgf	0.771893	4561180.0	0	18.4272	6	0.00796509	432.238	1	temp/spectra_filtered.mgf4930	4930	1	C. rotalis terpenoid	LC-ESI	qTof	Lysate	H. Leedham	 	M+H	432.246	0.0	0	 	 	 	 	 	3	Positive	GNPS-LIBRARY	432.246	UPDATE-SINGLE-ANNOTATED-BRONZE	Bronze		N/A	N/A	N/A	N/A	N/A	N/A	N/A	N/A	N/A	mzspec:GNPS:GNPS-LIBRARY:CCMSLIB00013583446
CCMSLIB00003135998	2313	spectra_filtered.mgf	GNPS-NIST14-MATCHES.mgf	0.771022	277663.0	0	0.503205	9	0.000152588	303.232	1	temp/spectra_filtered.mgf2313	2313	1	Spectral Match to Isopimaric acid from NIST14	ESI	HCD	Isolated	Data from Pieter C Dorrestein	Data deposited by negarg	M+H	303.232	0.0	1	5835267	N/A	N/A	N/A	N/A	3	Positive	GNPS-NIST14-MATCHES	303.232	UPDATE-SINGLE-ANNOTATED-BRONZE	Bronze		N/A	N/A	N/A	N/A	N/A	N/A	N/A	N/A	N/A	mzspec:GNPS:GNPS-LIBRARY:CCMSLIB00003135998
CCMSLIB00017429937	14939	spectra_filtered.mgf	GNPS-ION-MOBILITY-LIBRARY.mgf	0.769659	1680620.0	0	82.1113	6	0.0160217	195.138	1	temp/spectra_filtered.mgf14939	14939	1	tetraethylene glycol [CCS=140.2132568359375]	LC-ESI	ToF	Crude	Pieter Dorrestein	victoriadeleray	[M+H]+	195.122	194.115	1	N/A	N/A	OCCOCCOCCOCCO	"InChI=1S/C8H18O5/c9-1-3-11-5-7-13-8-6-12-4-2-10/h9-10H,1-8H2"	N/A	1	Positive	GNPS-ION-MOBILITY-LIBRARY	195.122	UPDATE-SINGLE-ANNOTATED-GOLD	Gold		C8H18O5	UWHCKJMYHZGTIT-UHFFFAOYSA-N	UWHCKJMYHZGTIT	Organic oxygen compounds	Organooxygen compounds	Ethers				mzspec:GNPS:GNPS-LIBRARY:CCMSLIB00017429937
CCMSLIB00010101233	26499	spectra_filtered.mgf	PNNL-LIPIDS-POSITIVE.mgf	0.769508	899816.0	0	0.0775935	5	6.10352E-05	786.601	1	temp/spectra_filtered.mgf26499	26499	1	PC(18:0/18:2); [M+H]+ C44H85N1O8P1	LC-ESI	HCD; Velos	Commercial	Thomas Metz	Thomas Metz	M+H	786.601	0.0	1	N/A	N/A	N/A	N/A	N/A	1	Positive	PNNL-LIPIDS-POSITIVE	786.601	UPDATE-SINGLE-ANNOTATED-GOLD	Gold		N/A	N/A	N/A	N/A	N/A	N/A	N/A	N/A	N/A	mzspec:GNPS:GNPS-LIBRARY:CCMSLIB00010101233
CCMSLIB00013936395	4026	spectra_filtered.mgf	WFSR-LIBRARY.mgf	0.767761	3419190.0	0	2.84931	11	0.00195312	685.476	1	temp/spectra_filtered.mgf4026	4026	1	Enniatin A1_CE30	ESI	Orbitrap	Commercial	Federico Padilla-Gonzalez	"""Sjors Rasker, Wout Bergkamp"""	M+NH4	685.474	667.441	1	4530-21-6	N/A	[H][C@@]1([C@@H](C)CC)N(C)C(=O)[C@H](OC(=O)[C@H](C(C)C)N(C)C(=O)[C@H](OC(=O)[C@]([H])([C@@H](C)CC)N(C)C(=O)[C@H](OC1=O)C(C)C)C(C)C)C(C)C	"""InChI=1S/C35H61N3O9/c1-16-22(11)25-34(43)46-27(19(5)6)30(39)36(13)24(18(3)4)33(42)45-28(20(7)8)31(40)37(14)26(23(12)17-2)35(44)47-29(21(9)10)32(41)38(25)15/h18-29H,16-17H2,1-15H3/t22-,23-,24-,25-,26-,27+,28+,29+/m0/s1"""	N/A	1	Positive	WFSR-LIBRARY	685.474	UPDATE-SINGLE-ANNOTATED-GOLD	Gold		C35H61N3O9	OWUREPXBPJFMOK-CIRFPNLUSA-N	OWUREPXBPJFMOK	Organic acids and derivatives	Peptidomimetics	Depsipeptides	Oligopeptides	Cyclic peptides|Depsipeptides	Amino acids and Peptides|Polyketides	mzspec:GNPS:GNPS-LIBRARY:CCMSLIB00013936395
CCMSLIB00010059266	4977	spectra_filtered.mgf	PNNL-LIPIDS-POSITIVE.mgf	0.765043	3170480.0	0	1.41841	9	0.000976562	688.491	1	temp/spectra_filtered.mgf4977	4977	1	PE(16:1/16:1); [M+H]+ C37H71N1O8P1	LC-ESI	HCD; Velos	Commercial	Thomas Metz	Thomas Metz	M+H	688.492	0.0	1	N/A	N/A	N/A	N/A	N/A	1	Positive	PNNL-LIPIDS-POSITIVE	688.492	UPDATE-SINGLE-ANNOTATED-GOLD	Gold		N/A	N/A	N/A	N/A	N/A	N/A	N/A	N/A	N/A	mzspec:GNPS:GNPS-LIBRARY:CCMSLIB00010059266
CCMSLIB00010098565	20791	spectra_filtered.mgf	PNNL-LIPIDS-POSITIVE.mgf	0.764742	912771.0	0	0.681459	8	0.000488281	716.523	1	temp/spectra_filtered.mgf20791	20791	1	PE(16:1/18:1); [M+H]+ C39H75N1O8P1	LC-ESI	HCD; Velos	Commercial	Thomas Metz	Thomas Metz	M+H	716.523	0.0	1	N/A	N/A	N/A	N/A	N/A	1	Positive	PNNL-LIPIDS-POSITIVE	716.523	UPDATE-SINGLE-ANNOTATED-GOLD	Gold		N/A	N/A	N/A	N/A	N/A	N/A	N/A	N/A	N/A	mzspec:GNPS:GNPS-LIBRARY:CCMSLIB00010098565
CCMSLIB00003136281	15945	spectra_filtered.mgf	GNPS-NIST14-MATCHES.mgf	0.763549	233448.0	0	1.32103	9	0.000366211	277.216	1	temp/spectra_filtered.mgf15945	15945	1	"Spectral Match to 13S-Hydroxy-9Z,11E,15Z-octadecatrienoic acid from NIST14"	ESI	HCD	Isolated	Data from Wolfender/Litaudon	Data deposited by pmallard	M+H-H2O	277.216	0.0	1	87984825	N/A	N/A	N/A	N/A	3	Positive	GNPS-NIST14-MATCHES	277.216	UPDATE-SINGLE-ANNOTATED-BRONZE	Bronze		N/A	N/A	N/A	N/A	N/A	N/A	N/A	N/A	N/A	mzspec:GNPS:GNPS-LIBRARY:CCMSLIB00003136281
CCMSLIB00006673889	14569	spectra_filtered.mgf	GNPS-NUTRI-METAB-FEM-POS.mgf	0.763366	334469.0	0	8.73103	6	0.00222778	255.159	1	temp/spectra_filtered.mgf14569	14569	1	acetic_acid_isobutyl_ester	ESI	Orbitrap	Commercial	Ulaszewska	Marynka Ulaszewska	2M+Na	255.157	116.084	1	110-19-0	8038.0	CC(C)COC(=O)C	"InChI=1S/C6H12O2/c1-5(2)4-8-6(3)7/h5H,4H2,1-3H3"	N/A	1	Positive	GNPS-NUTRI-METAB-FEM-POS	255.157	UPDATE-SINGLE-ANNOTATED-GOLD	Gold		C6H12O2	GJRQTCIYDGXPES-UHFFFAOYSA-N	GJRQTCIYDGXPES	Organic acids and derivatives	Carboxylic acids and derivatives	Carboxylic acid derivatives	Fatty esters	Wax monoesters	Fatty acids	mzspec:GNPS:GNPS-LIBRARY:CCMSLIB00006673889
CCMSLIB00003137992	24414	spectra_filtered.mgf	GNPS-NIST14-MATCHES.mgf	0.760835	5906460.0	0	0.516849	8	0.000152588	295.227	1	temp/spectra_filtered.mgf24414	24414	1	"Spectral Match to 13-Keto-9Z,11E-octadecadienoic acid from NIST14"	ESI	HCD	Isolated	Data from Wolfender/Litaudon	Data deposited by pmallard	M+H	295.227	0.0	1	54739309	N/A	N/A	N/A	N/A	3	Positive	GNPS-NIST14-MATCHES	295.227	UPDATE-SINGLE-ANNOTATED-BRONZE	Bronze		N/A	N/A	N/A	N/A	N/A	N/A	N/A	N/A	N/A	mzspec:GNPS:GNPS-LIBRARY:CCMSLIB00003137992
CCMSLIB00005436264	17232	spectra_filtered.mgf	GNPS-LIBRARY.mgf	0.758408	1787680.0	0	0.796856	14	0.000427246	536.165	1	temp/spectra_filtered.mgf17232	17232	1	Contaminants septum vial Thermo C4000-53 and C4000-54 serie	LC-ESI	Orbitrap	Crude	Dorrestein	lfnothias	M+H	536.165	0.0	0	 	 	 	 	 	3	Positive	GNPS-LIBRARY	536.165	UPDATE-SINGLE-ANNOTATED-BRONZE	Bronze		N/A	N/A	N/A	N/A	N/A	N/A	N/A	N/A	N/A	mzspec:GNPS:GNPS-LIBRARY:CCMSLIB00005436264
CCMSLIB00013583406	50039	spectra_filtered.mgf	GNPS-LIBRARY.mgf	0.755946	4835900.0	0	1.44788	6	0.000228882	158.081	1	temp/spectra_filtered.mgf50039	50039	1	N_ACETYLPROLINE	ESI	Orbitrap	Commercial	Aron	David Hattan	M+H	158.081	157.074	1	68-95-1	N/A	[H][C@]1(CCCN1C(C)=O)C(O)=O	"InChI=1S/C7H11NO3/c1-5(9)8-4-2-3-6(8)7(10)11/h6H,2-4H2,1H3,(H,10,11)/t6-/m0/s1"	N/A	1	Positive	GNPS-LIBRARY	158.081	UPDATE-SINGLE-ANNOTATED-GOLD	Gold		C7H11NO3	GNMSLDIYJOSUSW-LURJTMIESA-N	GNMSLDIYJOSUSW	Organic acids and derivatives	Carboxylic acids and derivatives	"Amino acids, peptides, and analogues"	Small peptides	Dipeptides	Amino acids and Peptides	mzspec:GNPS:GNPS-LIBRARY:CCMSLIB00013583406
CCMSLIB00010058513	22303	spectra_filtered.mgf	PNNL-LIPIDS-POSITIVE.mgf	0.75512	384758.0	0	0.802354	10	0.000671387	836.77	1	temp/spectra_filtered.mgf22303	22303	1	TG(15:0/16:0/18:1); [M+NH4]+ C52H102N1O6	LC-ESI	HCD; Velos	Commercial	Thomas Metz	Thomas Metz	M+NH4	836.771	0.0	1	N/A	N/A	N/A	N/A	N/A	1	Positive	PNNL-LIPIDS-POSITIVE	836.771	UPDATE-SINGLE-ANNOTATED-GOLD	Gold		N/A	N/A	N/A	N/A	N/A	N/A	N/A	N/A	N/A	mzspec:GNPS:GNPS-LIBRARY:CCMSLIB00010058513
CCMSLIB00003139019	5598	spectra_filtered.mgf	GNPS-NIST14-MATCHES.mgf	0.752795	2130810.0	0	1.21981	9	0.000335693	275.201	1	temp/spectra_filtered.mgf5598	5598	1	Spectral Match to 9-OxoOTrE from NIST14	ESI	Ion Trap	Isolated	Data from Wolfender/Litaudon	Data deposited by pmallard	M+H-H2O	275.201	292.204	1	125559742	N/A	CC/C=C\C/C=C\C=C\C(=O)CCCCCCCC(=O)O	"InChI=1S/C18H28O3/c1-2-3-4-5-6-8-11-14-17(19)15-12-9-7-10-13-16-18(20)21/h3-4,6,8,11,14H,2,5,7,9-10,12-13,15-16H2,1H3,(H,20,21)/b4-3-,8-6-,14-11+"	N/A	3	Positive	GNPS-NIST14-MATCHES	275.201	UPDATE-SINGLE-ANNOTATED-BRONZE	Bronze		C18H28O3	ACHDMUPTZYZIGR-CUHSZNQNSA-N	ACHDMUPTZYZIGR	Lipids and lipid-like molecules	Fatty Acyls	Lineolic acids and derivatives	Octadecanoids	Other Octadecanoids	Fatty acids	mzspec:GNPS:GNPS-LIBRARY:CCMSLIB00003139019
CCMSLIB00003135617	26629	spectra_filtered.mgf	GNPS-NIST14-MATCHES.mgf	0.75179	1005400.0	0	5.69124	7	0.00408936	718.539	1	temp/spectra_filtered.mgf26629	26629	1	Spectral Match to 1-Hexadecanoyl-2-(9Z-octadecenoyl)-sn-glycero-3-phosphoethanolamine from NIST14	ESI	qTof	Isolated	Data from Katrina Waters;Yoshihiro Kawaoka;Richard Smith;Thomas Metz;Ralph Baric	Data deposited by alchemistmatt	M+H	718.535	717.531	1	26662942	N/A	CCCCCCCCCCCCCCCC(=O)OC[C@H](COP(=O)(O)OCCN)OC(=O)CCCCCCC/C=C\CCCCCCCC	"InChI=1S/C39H76NO8P/c1-3-5-7-9-11-13-15-17-18-20-22-24-26-28-30-32-39(42)48-37(36-47-49(43,44)46-34-33-40)35-45-38(41)31-29-27-25-23-21-19-16-14-12-10-8-6-4-2/h17-18,37H,3-16,19-36,40H2,1-2H3,(H,43,44)/b18-17-/t37-/m1/s1"	N/A	3	Positive	GNPS-NIST14-MATCHES	718.535	UPDATE-SINGLE-ANNOTATED-BRONZE	Bronze		C39H76NO8P	FHQVHHIBKUMWTI-OTMQOFQLSA-N	FHQVHHIBKUMWTI	Lipids and lipid-like molecules	Glycerophospholipids	Glycerophosphoethanolamines	Glycerophospholipids	Glycerophosphoethanolamines	Fatty acids	mzspec:GNPS:GNPS-LIBRARY:CCMSLIB00003135617
CCMSLIB00016355862	58181	spectra_filtered.mgf	GNPS-ALKYLAMINES-LIBRARY.mgf	0.750314	438770.0	0	0.481492	5	9.15527E-05	190.144	1	temp/spectra_filtered.mgf58181	58181	1	Leucine_hydroxyacetone (known isomers: 0; isobaric peaks in run: 0)	LC-ESI	Orbitrap	Crude	Pieter Dorrestein	Julius	[M+H]+	190.144	189.136	1	N/A	hydroxyacetone_Amine_Batch2_P7_B10.mzML:scan:1065	CC(C)CC(NC(C)CO)C(=O)O	"InChI=1S/C9H19NO3/c1-6(2)4-8(9(12)13)10-7(3)5-11/h6-8,10-11H,4-5H2,1-3H3,(H,12,13)"		1	Positive	GNPS-ALKYLAMINES-LIBRARY	190.144	UPDATE-SINGLE-ANNOTATED-GOLD	Gold		C9H19NO3	PACBQXKNRFIOHU-UHFFFAOYSA-N	PACBQXKNRFIOHU	N/A	N/A	N/A	Small peptides	Aminoacids	Amino acids and Peptides	mzspec:GNPS:GNPS-LIBRARY:CCMSLIB00016355862
CCMSLIB00006673889	11709	spectra_filtered.mgf	GNPS-NUTRI-METAB-FEM-POS.mgf	0.750277	454318.0	0	8.67123	6	0.00221252	255.159	1	temp/spectra_filtered.mgf11709	11709	1	acetic_acid_isobutyl_ester	ESI	Orbitrap	Commercial	Ulaszewska	Marynka Ulaszewska	2M+Na	255.157	116.084	1	110-19-0	8038.0	CC(C)COC(=O)C	"InChI=1S/C6H12O2/c1-5(2)4-8-6(3)7/h5H,4H2,1-3H3"	N/A	1	Positive	GNPS-NUTRI-METAB-FEM-POS	255.157	UPDATE-SINGLE-ANNOTATED-GOLD	Gold		C6H12O2	GJRQTCIYDGXPES-UHFFFAOYSA-N	GJRQTCIYDGXPES	Organic acids and derivatives	Carboxylic acids and derivatives	Carboxylic acid derivatives	Fatty esters	Wax monoesters	Fatty acids	mzspec:GNPS:GNPS-LIBRARY:CCMSLIB00006673889
CCMSLIB00005436264	7524	spectra_filtered.mgf	GNPS-LIBRARY.mgf	0.749898	2029690.0	0	0.683019	14	0.000366211	536.165	1	temp/spectra_filtered.mgf7524	7524	1	Contaminants septum vial Thermo C4000-53 and C4000-54 serie	LC-ESI	Orbitrap	Crude	Dorrestein	lfnothias	M+H	536.165	0.0	0	 	 	 	 	 	3	Positive	GNPS-LIBRARY	536.165	UPDATE-SINGLE-ANNOTATED-BRONZE	Bronze		N/A	N/A	N/A	N/A	N/A	N/A	N/A	N/A	N/A	mzspec:GNPS:GNPS-LIBRARY:CCMSLIB00005436264
CCMSLIB00000851813	42434	spectra_filtered.mgf	GNPS-NIH-NATURALPRODUCTSLIBRARY_ROUND2_POSITIVE.mgf	0.748823	518305.0	0	0.0817918	5	3.05176E-05	373.113	1	temp/spectra_filtered.mgf42434	42434	1	NCGC00384897-01_C16H20O10_3-(Benzoyloxy)-2-hydroxypropyl beta-D-glucopyranosiduronic acid	LC-ESI	Maxis II HD Q-TOF Bruker	isolated	Jadhav/Dorrestein	lfnothias	M+H	373.113	372.106	1	n/a	n/a	OC(CO[C@@H]1O[C@@H]([C@@H](O)[C@H](O)[C@H]1O)C(O)=O)COC(=O)C2=CC=CC=C2	"InChI=1S/C16H20O10/c17-9(6-24-15(23)8-4-2-1-3-5-8)7-25-16-12(20)10(18)11(19)13(26-16)14(21)22/h1-5,9-13,16-20H,6-7H2,(H,21,22)/t9?,10-,11-,12+,13-,16+/m0/s1"	N/A	1	positive	GNPS-NIH-NATURALPRODUCTSLIBRARY_ROUND2_POSITIVE	373.113	UPDATE-SINGLE-ANNOTATED-GOLD	Gold		C16H20O10	DLZMKPZOEYKXHQ-MQCRQNCBSA-N	DLZMKPZOEYKXHQ	Organic oxygen compounds	Organooxygen compounds	Carbohydrates and carbohydrate conjugates	Phenolic acids (C6-C1)	Simple phenolic acids	Shikimates and Phenylpropanoids	mzspec:GNPS:GNPS-LIBRARY:CCMSLIB00000851813
CCMSLIB00005727351	15651	spectra_filtered.mgf	MASSBANK.mgf	0.748746	166403.0	0	0.411277	5	0.000183105	445.212	1	temp/spectra_filtered.mgf15651	15651	1	"Massbank:AC000711 Aurantiamide acetate|Asperglaucide, Lyciumamide|6.N-Benzoylphenylalanylphenylalinol acetate"	ESI	Hybrid FT	Isolated	Massbank	Massbank	M+H	445.212	0.0	1	56121-42-7	N/A	CC(=O)OC[C@H](CC1=CC=CC=C1)NC(=O)C(CC2=CC=CC=C2)NC(=O)C3=CC=CC=C3	"1S/C27H28N2O4/c1-20(30)33-19-24(17-21-11-5-2-6-12-21)28-27(32)25(18-22-13-7-3-8-14-22)29-26(31)23-15-9-4-10-16-23/h2-16,24-25H,17-19H2,1H3,(H,28,32)(H,29,31)/t24-,25?/m0/s1"	N/A	3	Positive	MASSBANK	445.212	UPDATE-SINGLE-ANNOTATED-BRONZE	Bronze		C27H28N2O4	VZPAURMDJZOGHU-SKCDSABHSA-N	VZPAURMDJZOGHU	Organic acids and derivatives	Carboxylic acids and derivatives	"Amino acids, peptides, and analogues"	Small peptides	Dipeptides	Amino acids and Peptides	mzspec:GNPS:GNPS-LIBRARY:CCMSLIB00005727351
CCMSLIB00010057959	23218	spectra_filtered.mgf	PNNL-LIPIDS-POSITIVE.mgf	0.747289	165433.0	0	0.150939	7	0.00012207	808.739	1	temp/spectra_filtered.mgf23218	23218	1	TG(15:0/16:0/16:1); [M+NH4]+ C50H98N1O6	LC-ESI	HCD; Velos	Commercial	Thomas Metz	Thomas Metz	M+NH4	808.739	0.0	1	N/A	N/A	N/A	N/A	N/A	1	Positive	PNNL-LIPIDS-POSITIVE	808.739	UPDATE-SINGLE-ANNOTATED-GOLD	Gold		N/A	N/A	N/A	N/A	N/A	N/A	N/A	N/A	N/A	mzspec:GNPS:GNPS-LIBRARY:CCMSLIB00010057959
CCMSLIB00003139266	39503	spectra_filtered.mgf	GNPS-NIST14-MATCHES.mgf	0.745667	245717.0	0	3.55773	5	0.000534058	150.113	1	temp/spectra_filtered.mgf39503	39503	1	Spectral Match to Triethanolamine from NIST14	ESI	qTof	Isolated	Data from Maria Maansson	Data deposited by marjo	M+H	150.112	149.105	1	102716	N/A	C(CO)N(CCO)CCO	"InChI=1S/C6H15NO3/c8-4-1-7(2-5-9)3-6-10/h8-10H,1-6H2"	N/A	3	Positive	GNPS-NIST14-MATCHES	150.112	UPDATE-SINGLE-ANNOTATED-BRONZE	Bronze		C6H15NO3	GSEJCLTVZPLZKY-UHFFFAOYSA-N	GSEJCLTVZPLZKY	Organic nitrogen compounds	Organonitrogen compounds	Amines				mzspec:GNPS:GNPS-LIBRARY:CCMSLIB00003139266
CCMSLIB00000577599	5910	spectra_filtered.mgf	DEREPLICATOR_IDENTIFIED_LIBRARY.mgf	0.745523	387249.0	0	3.37772	15	0.00201416	596.306	1	temp/spectra_filtered.mgf5910	5910	1	JBIR-113_23360_dereplictor_pv_2.99985e-22	N/A	N/A	N/A	Pevzner	N/A	M+H	596.308	0.0	1	N/A	N/A	[H]N(C(=O)C1=C([H])C([H])=C([H])C([H])=C1[H])[C@]1([H])C(=O)N([H])[C@]([H])(C(=O)N2C([H])([H])C([H])([H])C([H])([H])[C@@]2([H])C(=O)N2C([H])([H])C([H])([H])C([H])([H])C([H])([H])[C@@]2([H])C(=O)N2C([H])([H])C([H])([H])C([H])([H])C([H])([H])[C@@]2([H])C(=O)O[C@]1([H])C([H])([H])[H])C([H])([H])[H]	"InChI=1S/C31H41N5O7/c1-19-28(39)34-18-10-15-23(34)29(40)35-16-8-6-13-22(35)30(41)36-17-9-7-14-24(36)31(42)43-20(2)25(27(38)32-19)33-26(37)21-11-4-3-5-12-21/h3-5,11-12,19-20,22-25H,6-10,13-18H2,1-2H3,(H,32,38)(H,33,37)/t19-,20+,22-,23-,24-,25-/m0/s1"	N/A	3	N/A	DEREPLICATOR_IDENTIFIED_LIBRARY	596.308	UPDATE-SINGLE-ANNOTATED-BRONZE	Bronze		C31H41N5O7	YTNXARXLPJGCHV-VOHARBHYSA-N	YTNXARXLPJGCHV	Organic acids and derivatives	Peptidomimetics	Depsipeptides	Oligopeptides	Cyclic peptides|Depsipeptides	Amino acids and Peptides|Polyketides	mzspec:GNPS:GNPS-LIBRARY:CCMSLIB00000577599
CCMSLIB00003139097	5468	spectra_filtered.mgf	GNPS-NIST14-MATCHES.mgf	0.742042	290876.0	0	1.19185	6	0.000366211	307.263	1	temp/spectra_filtered.mgf5468	5468	1	"Spectral Match to cis-8,11,14-Eicosatrienoic acid from NIST14"	ESI	qTof	Isolated	Data from Jessica Metcalf	Data deposited by mjmeehan	M+H	307.263	306.256	1	1783842	N/A	CCCCC/C=C\C/C=C\C/C=C\CCCCCCC(=O)O	"InChI=1S/C20H34O2/c1-2-3-4-5-6-7-8-9-10-11-12-13-14-15-16-17-18-19-20(21)22/h6-7,9-10,12-13H,2-5,8,11,14-19H2,1H3,(H,21,22)/b7-6-,10-9-,13-12-"	N/A	3	Positive	GNPS-NIST14-MATCHES	307.263	UPDATE-SINGLE-ANNOTATED-BRONZE	Bronze		C20H34O2	HOBAELRKJCKHQD-QNEBEIHSSA-N	HOBAELRKJCKHQD	Lipids and lipid-like molecules	Fatty Acyls	Fatty acids and conjugates	Fatty Acids and Conjugates	Unsaturated fatty acids	Fatty acids	mzspec:GNPS:GNPS-LIBRARY:CCMSLIB00003139097
CCMSLIB00010103058	26043	spectra_filtered.mgf	BERKELEY-LAB.mgf	0.74187	938312.0	0	15.071	8	0.010437	692.513	1	temp/spectra_filtered.mgf26043	26043	1	DIPALMITOYL CEPHALIN CollisionEnergy:102040	LC-ESI	Orbitrap	Commercial	Trent Northen	JGI	M+H	692.523	0.0	1	N/A	N/A	CCCCCCCCCCCCCCCC(=O)OCC(COP(=O)(O)OCCN)OC(=O)CCCCCCCCCCCCCCC	"""InChI=1S/C37H74NO8P/c1-3-5-7-9-11-13-15-17-19-21-23-25-27-29-36(39)43-33-35(34-45-47(41,42)44-32-31-38)46-37(40)30-28-26-24-22-20-18-16-14-12-10-8-6-4-2/h35H,3-34,38H2,1-2H3,(H,41,42)"""	N/A	3	Positive	BERKELEY-LAB	692.523	UPDATE-SINGLE-ANNOTATED-BRONZE	Bronze		C37H74NO8P	SLKDGVPOSSLUAI-UHFFFAOYSA-N	SLKDGVPOSSLUAI	Lipids and lipid-like molecules	Glycerophospholipids	Glycerophosphoethanolamines	Glycerophospholipids	Glycerophosphoethanolamines	Fatty acids	mzspec:GNPS:GNPS-LIBRARY:CCMSLIB00010103058
CCMSLIB00005436264	23017	spectra_filtered.mgf	GNPS-LIBRARY.mgf	0.74136	981348.0	0	0.910692	13	0.000488281	536.165	1	temp/spectra_filtered.mgf23017	23017	1	Contaminants septum vial Thermo C4000-53 and C4000-54 serie	LC-ESI	Orbitrap	Crude	Dorrestein	lfnothias	M+H	536.165	0.0	0	 	 	 	 	 	3	Positive	GNPS-LIBRARY	536.165	UPDATE-SINGLE-ANNOTATED-BRONZE	Bronze		N/A	N/A	N/A	N/A	N/A	N/A	N/A	N/A	N/A	mzspec:GNPS:GNPS-LIBRARY:CCMSLIB00005436264
CCMSLIB00009919006	5491	spectra_filtered.mgf	GNPS-LIBRARY.mgf	0.739952	923878.0	0	2.44935	7	0.0012207	498.379	1	temp/spectra_filtered.mgf5491	5491	1	DGTS 18:2	LC-ESI	Orbitrap	Lysate	Quinn	Quinn	M+H	498.378	498.379	1	 	 	 	 	 	3	Positive	GNPS-LIBRARY	498.378	UPDATE-SINGLE-ANNOTATED-BRONZE	Bronze		N/A	N/A	N/A	N/A	N/A	N/A	N/A	N/A	N/A	mzspec:GNPS:GNPS-LIBRARY:CCMSLIB00009919006
CCMSLIB00013936412	3930	spectra_filtered.mgf	WFSR-LIBRARY.mgf	0.739166	3570610.0	0	0.959823	9	0.000671387	699.489	1	temp/spectra_filtered.mgf3930	3930	1	Enniatin A_CE30	ESI	Orbitrap	Commercial	Federico Padilla-Gonzalez	"""Sjors Rasker, Wout Bergkamp"""	M+NH4	699.49	681.456	1	2503-13-1	N/A	[H][C@@]1(OC(=O)[C@]([H])([C@@H](C)CC)N(C)C(=O)[C@H](OC(=O)C([C@@H](C)CC)N(C)C(=O)[C@H](OC(=O)[C@]([H])([C@@H](C)CC)N(C)C1=O)C(C)C)C(C)C)C(C)C	"""InChI=1S/C36H63N3O9/c1-16-22(10)25-34(43)46-29(20(6)7)32(41)38(14)27(24(12)18-3)36(45)48-30(21(8)9)33(42)39(15)26(23(11)17-2)35(44)47-28(19(4)5)31(40)37(25)13/h19-30H,16-18H2,1-15H3/t22-,23-,24-,25-,26-,27?,28+,29+,30+/m0/s1"""	N/A	1	Positive	WFSR-LIBRARY	699.49	UPDATE-SINGLE-ANNOTATED-GOLD	Gold		C36H63N3O9	TWHBYJSVDCWICV-LIOIOPIISA-N	TWHBYJSVDCWICV	N/A	N/A	N/A	Oligopeptides	Cyclic peptides|Depsipeptides	Amino acids and Peptides|Polyketides	mzspec:GNPS:GNPS-LIBRARY:CCMSLIB00013936412
CCMSLIB00003136708	2126	spectra_filtered.mgf	GNPS-NIST14-MATCHES.mgf	0.738485	300102.0	0	0.811777	7	0.000274658	338.342	1	temp/spectra_filtered.mgf2126	2126	1	"Spectral Match to 13-Docosenamide, (Z)- from NIST14"	ESI	HCD	Isolated	Data from Wolfender/Litaudon	Data deposited by pmallard	M+H	338.342	0.0	1	112845	N/A	N/A	N/A	N/A	3	Positive	GNPS-NIST14-MATCHES	338.342	UPDATE-SINGLE-ANNOTATED-BRONZE	Bronze		N/A	N/A	N/A	N/A	N/A	N/A	N/A	N/A	N/A	mzspec:GNPS:GNPS-LIBRARY:CCMSLIB00003136708
CCMSLIB00003137868	6855	spectra_filtered.mgf	GNPS-NIST14-MATCHES.mgf	0.738277	4550480.0	0	0.723589	7	0.000213623	295.227	1	temp/spectra_filtered.mgf6855	6855	1	"Spectral Match to 13-Keto-9Z,11E-octadecadienoic acid from NIST14"	ESI	HCD	Isolated	Data from Wolfender/Litaudon	Data deposited by pmallard	M+H	295.227	0.0	1	54739309	N/A	N/A	N/A	N/A	3	Positive	GNPS-NIST14-MATCHES	295.227	UPDATE-SINGLE-ANNOTATED-BRONZE	Bronze		N/A	N/A	N/A	N/A	N/A	N/A	N/A	N/A	N/A	mzspec:GNPS:GNPS-LIBRARY:CCMSLIB00003137868
CCMSLIB00010086490	14912	spectra_filtered.mgf	PNNL-LIPIDS-POSITIVE.mgf	0.737726	920072.0	0	1.61941	6	0.000732422	452.277	1	temp/spectra_filtered.mgf14912	14912	1	PE(16:1/0:0); [M+H]+ C21H43N1O7P1	LC-ESI	qTof	Commercial	Thomas Metz	Thomas Metz	M+H	452.278	0.0	1	N/A	N/A	N/A	N/A	N/A	1	Positive	PNNL-LIPIDS-POSITIVE	452.278	UPDATE-SINGLE-ANNOTATED-GOLD	Gold		N/A	N/A	N/A	N/A	N/A	N/A	N/A	N/A	N/A	mzspec:GNPS:GNPS-LIBRARY:CCMSLIB00010086490
CCMSLIB00013936412	2107	spectra_filtered.mgf	WFSR-LIBRARY.mgf	0.737675	4070950.0	0	0.78531	9	0.000549316	699.489	1	temp/spectra_filtered.mgf2107	2107	1	Enniatin A_CE30	ESI	Orbitrap	Commercial	Federico Padilla-Gonzalez	"""Sjors Rasker, Wout Bergkamp"""	M+NH4	699.49	681.456	1	2503-13-1	N/A	[H][C@@]1(OC(=O)[C@]([H])([C@@H](C)CC)N(C)C(=O)[C@H](OC(=O)C([C@@H](C)CC)N(C)C(=O)[C@H](OC(=O)[C@]([H])([C@@H](C)CC)N(C)C1=O)C(C)C)C(C)C)C(C)C	"""InChI=1S/C36H63N3O9/c1-16-22(10)25-34(43)46-29(20(6)7)32(41)38(14)27(24(12)18-3)36(45)48-30(21(8)9)33(42)39(15)26(23(11)17-2)35(44)47-28(19(4)5)31(40)37(25)13/h19-30H,16-18H2,1-15H3/t22-,23-,24-,25-,26-,27?,28+,29+,30+/m0/s1"""	N/A	1	Positive	WFSR-LIBRARY	699.49	UPDATE-SINGLE-ANNOTATED-GOLD	Gold		C36H63N3O9	TWHBYJSVDCWICV-LIOIOPIISA-N	TWHBYJSVDCWICV	N/A	N/A	N/A	Oligopeptides	Cyclic peptides|Depsipeptides	Amino acids and Peptides|Polyketides	mzspec:GNPS:GNPS-LIBRARY:CCMSLIB00013936412
CCMSLIB00003138617	12416	spectra_filtered.mgf	GNPS-NIST14-MATCHES.mgf	0.735676	387839.0	0	3.79025	7	0.00201416	531.408	1	temp/spectra_filtered.mgf12416	12416	1	"Spectral Match to Didodecyl 3,3'-thiodipropionate oxide from NIST14"	ESI	QqQ	Isolated	Data from Pieter Dorrestein	Data deposited by lfnothias	M+H	531.406	0.0	1	17243140	N/A	N/A	N/A	N/A	3	Positive	GNPS-NIST14-MATCHES	531.406	UPDATE-SINGLE-ANNOTATED-BRONZE	Bronze		N/A	N/A	N/A	N/A	N/A	N/A	N/A	N/A	N/A	mzspec:GNPS:GNPS-LIBRARY:CCMSLIB00003138617
CCMSLIB00005722215	793	spectra_filtered.mgf	GNPS-NIH-NATURALPRODUCTSLIBRARY_ROUND2_POSITIVE.mgf	0.735274	381728.0	0	3.93447	9	0.00109863	279.232	1	temp/spectra_filtered.mgf793	793	1	NCGC00381425-01!8-hydroxy-8-(3-octyloxiran-2-yl)octanoic acid [IIN-based on: CCMSLIB00000846585]	LC-ESI	Orbitrap	Commercial	Pieter Dorrestein	lfnothias/robinschmid	[M-2H2O+H]+	279.233	314.246	1	N/A	N/A	CCCCCCCCC1OC1C(O)CCCCCCC(O)=O	"InChI=1S/C18H34O4/c1-2-3-4-5-6-10-13-16-18(22-16)15(19)12-9-7-8-11-14-17(20)21/h15-16,18-19H,2-14H2,1H3,(H,20,21)"	N/A	3	Positive	GNPS-NIH-NATURALPRODUCTSLIBRARY_ROUND2_POSITIVE	279.233	UPDATE-SINGLE-ANNOTATED-BRONZE	Bronze		C18H34O4	GQEOLYBERRZZCE-UHFFFAOYSA-N	GQEOLYBERRZZCE	Lipids and lipid-like molecules	Fatty Acyls	Lineolic acids and derivatives	Octadecanoids	Other Octadecanoids	Fatty acids	mzspec:GNPS:GNPS-LIBRARY:CCMSLIB00005722215
CCMSLIB00006678084	4942	spectra_filtered.mgf	GNPS-LIBRARY.mgf	0.734505	1036990.0	0	1.10558	8	0.000732422	662.475	1	temp/spectra_filtered.mgf4942	4942	1	PE-DAG (14:0/16:1)	LC-ESI	Orbitrap	Other	S Ding	Su Ding	M+H	662.476	662.474	1	N/A	N/A	N/A	N/A	N/A	3	Positive	GNPS-LIBRARY	662.476	UPDATE-SINGLE-ANNOTATED-BRONZE	Bronze		N/A	N/A	N/A	N/A	N/A	N/A	N/A	N/A	N/A	mzspec:GNPS:GNPS-LIBRARY:CCMSLIB00006678084
CCMSLIB00010059266	15702	spectra_filtered.mgf	PNNL-LIPIDS-POSITIVE.mgf	0.730772	1914230.0	0	1.32976	9	0.000915527	688.491	1	temp/spectra_filtered.mgf15702	15702	1	PE(16:1/16:1); [M+H]+ C37H71N1O8P1	LC-ESI	HCD; Velos	Commercial	Thomas Metz	Thomas Metz	M+H	688.492	0.0	1	N/A	N/A	N/A	N/A	N/A	1	Positive	PNNL-LIPIDS-POSITIVE	688.492	UPDATE-SINGLE-ANNOTATED-GOLD	Gold		N/A	N/A	N/A	N/A	N/A	N/A	N/A	N/A	N/A	mzspec:GNPS:GNPS-LIBRARY:CCMSLIB00010059266
CCMSLIB00010058521	14796	spectra_filtered.mgf	PNNL-LIPIDS-POSITIVE.mgf	0.728702	676544.0	0	0.155187	5	0.00012207	786.601	1	temp/spectra_filtered.mgf14796	14796	1	PC(18:1/18:1); [M+H]+ C44H85N1O8P1	LC-ESI	HCD; Velos	Commercial	Thomas Metz	Thomas Metz	M+H	786.601	0.0	1	N/A	N/A	N/A	N/A	N/A	1	Positive	PNNL-LIPIDS-POSITIVE	786.601	UPDATE-SINGLE-ANNOTATED-GOLD	Gold		N/A	N/A	N/A	N/A	N/A	N/A	N/A	N/A	N/A	mzspec:GNPS:GNPS-LIBRARY:CCMSLIB00010058521
CCMSLIB00003137868	9131	spectra_filtered.mgf	GNPS-NIST14-MATCHES.mgf	0.72724	4727960.0	0	0.723589	7	0.000213623	295.227	1	temp/spectra_filtered.mgf9131	9131	1	"Spectral Match to 13-Keto-9Z,11E-octadecadienoic acid from NIST14"	ESI	HCD	Isolated	Data from Wolfender/Litaudon	Data deposited by pmallard	M+H	295.227	0.0	1	54739309	N/A	N/A	N/A	N/A	3	Positive	GNPS-NIST14-MATCHES	295.227	UPDATE-SINGLE-ANNOTATED-BRONZE	Bronze		N/A	N/A	N/A	N/A	N/A	N/A	N/A	N/A	N/A	mzspec:GNPS:GNPS-LIBRARY:CCMSLIB00003137868
CCMSLIB00004696062	51677	spectra_filtered.mgf	MONA.mgf	0.726974	832039.0	0	0.215994	14	0.00012207	565.155	1	temp/spectra_filtered.mgf51677	51677	1	"5,7-dihydroxy-2-(4-hydroxyphenyl)-6-[3,4,5-trihydroxy-6-(hydroxymethyl)oxan-2-yl]-8-(3,4,5-trihydroxyoxan-2-yl)chromen-4-one"	N/A	ESI-QFT	isolated	MoNA	MoNA:VF-NPL-QEHF004999	[M+H]+	565.155	0.0	1	N/A	N/A	O=c1cc(-c2ccc(O)cc2)oc2c(C3OCC(O)C(O)C3O)c(O)c(C3OC(CO)C(O)C(O)C3O)c(O)c12	"InChI=1S/C26H28O14/c27-6-13-18(32)21(35)23(37)26(40-13)15-19(33)14-10(29)5-12(8-1-3-9(28)4-2-8)39-24(14)16(20(15)34)25-22(36)17(31)11(30)7-38-25/h1-5,11,13,17-18,21-23,25-28,30-37H,6-7H2"	N/A	3	positive	MONA	565.155	UPDATE-SINGLE-ANNOTATED-BRONZE	Bronze		C26H28O14	MMDUKUSNQNWVET-UHFFFAOYSA-N	MMDUKUSNQNWVET	Phenylpropanoids and polyketides	Flavonoids	Flavonoid glycosides	Flavonoids	Flavones	Shikimates and Phenylpropanoids	mzspec:GNPS:GNPS-LIBRARY:CCMSLIB00004696062
CCMSLIB00003138426	3023	spectra_filtered.mgf	GNPS-NIST14-MATCHES.mgf	0.725973	280402.0	0	14.4589	7	0.00421143	291.272	1	temp/spectra_filtered.mgf3023	3023	1	"Spectral Match to cis-11,14-Eicosadienoic acid from NIST14"	ESI	HCD	Isolated	Data from P.Dorrestein	Data deposited by amelnik	M+H-H2O	291.268	0.0	1	2091396	N/A	N/A	N/A	N/A	3	Positive	GNPS-NIST14-MATCHES	291.268	UPDATE-SINGLE-ANNOTATED-BRONZE	Bronze		N/A	N/A	N/A	N/A	N/A	N/A	N/A	N/A	N/A	mzspec:GNPS:GNPS-LIBRARY:CCMSLIB00003138426
CCMSLIB00008851507	53438	spectra_filtered.mgf	GNPS-LIBRARY.mgf	0.722592	877592.0	0	0.932221	5	0.000213623	229.155	1	temp/spectra_filtered.mgf53438	53438	1	229 TMAP based onhttps://pubs.acs.org/doi/abs/10.1021/acs.analchem.1c04378	LC-ESI	qTof	Lysate	Dorrestein	Pieter	M+H	229.155	0.0	0	 	 	 	 	 	3	Positive	GNPS-LIBRARY	229.155	UPDATE-SINGLE-ANNOTATED-BRONZE	Bronze		N/A	N/A	N/A	N/A	N/A	N/A	N/A	N/A	N/A	mzspec:GNPS:GNPS-LIBRARY:CCMSLIB00008851507
CCMSLIB00010091617	13135	spectra_filtered.mgf	PNNL-LIPIDS-POSITIVE.mgf	0.721655	497422.0	0	0.571836	6	0.000274658	480.309	1	temp/spectra_filtered.mgf13135	13135	1	PE(18:1/0:0); [M+H]+ C23H47N1O7P1	LC-ESI	HCD; Velos	Commercial	Thomas Metz	Thomas Metz	M+H	480.309	0.0	1	N/A	N/A	N/A	N/A	N/A	1	Positive	PNNL-LIPIDS-POSITIVE	480.309	UPDATE-SINGLE-ANNOTATED-GOLD	Gold		N/A	N/A	N/A	N/A	N/A	N/A	N/A	N/A	N/A	mzspec:GNPS:GNPS-LIBRARY:CCMSLIB00010091617
CCMSLIB00005436263	12565	spectra_filtered.mgf	GNPS-LIBRARY.mgf	0.719418	2948350.0	0	0.200055	16	0.00012207	610.184	1	temp/spectra_filtered.mgf12565	12565	1	Contaminants septum vial Thermo C4000-53 and C4000-54 serie	LC-ESI	Orbitrap	Lysate	Dorrestein	lfnothias	M+H	610.184	0.0	0	 	 	 	 	 	3	Positive	GNPS-LIBRARY	610.184	UPDATE-SINGLE-ANNOTATED-BRONZE	Bronze		N/A	N/A	N/A	N/A	N/A	N/A	N/A	N/A	N/A	mzspec:GNPS:GNPS-LIBRARY:CCMSLIB00005436263
CCMSLIB00003138616	61347	spectra_filtered.mgf	GNPS-NIST14-MATCHES.mgf	0.717109	121128.0	0	59.487	5	0.0113068	190.082	1	temp/spectra_filtered.mgf61347	61347	1	Spectral Match to N-Acetyl-L-glutamic acid from NIST14	ESI	HCD	Isolated	Data from Christopher A. Lowry	Data deposited by fevargas	M+H	190.071	0.0	1	1188370	N/A	N/A	N/A	N/A	3	Positive	GNPS-NIST14-MATCHES	190.071	UPDATE-SINGLE-ANNOTATED-BRONZE	Bronze		N/A	N/A	N/A	N/A	N/A	N/A	N/A	N/A	N/A	mzspec:GNPS:GNPS-LIBRARY:CCMSLIB00003138616
CCMSLIB00012176426	25227	spectra_filtered.mgf	GNPS-LIBRARY.mgf	0.716441	119720.0	0	1.38652	5	0.000228882	165.076	1	temp/spectra_filtered.mgf25227	25227	1	Mannitol	LC-ESI	Orbitrap	Commercial	Taicia Fill	Marina Maximo	M+H-H2O	165.076	182.079	1	69-65-8	N/A	C([C@H]([C@H]([C@@H]([C@@H](CO)O)O)O)O)O	"InChI=1S/C6H14O6/c7-1-3(9)5(11)6(12)4(10)2-8/h3-12H,1-2H2/t3-,4-,5-,6-/m1/s1"	N/A	3	Positive	GNPS-LIBRARY	165.076	UPDATE-SINGLE-ANNOTATED-BRONZE	Bronze		C6H14O6	FBPFZTCFMRRESA-KVTDHHQDSA-N	FBPFZTCFMRRESA	Organic oxygen compounds	Organooxygen compounds	Carbohydrates and carbohydrate conjugates	Saccharides	Monosaccharides	Carbohydrates	mzspec:GNPS:GNPS-LIBRARY:CCMSLIB00012176426
CCMSLIB00006679960	1887	spectra_filtered.mgf	MONA.mgf	0.715948	491235.0	0	0.646415	10	0.000183105	283.263	1	temp/spectra_filtered.mgf1887	1887	1	ELAIDIC ACID	ESI	Orbitrap	isolated	MoNA	MoNA:MoNA037339	M+H	283.263	0.0	1	N/A	N/A	CCCCCCCC/C=C/CCCCCCCC(=O)O	"""InChI=1S/C18H34O2/c1-2-3-4-5-6-7-8-9-10-11-12-13-14-15-16-17-18(19)20/h9-10H,2-8,11-17H2,1H3,(H,19,20)/b10-9+"""	N/A	3	positive	MONA	283.263	UPDATE-SINGLE-ANNOTATED-BRONZE	Bronze		C18H34O2	ZQPPMHVWECSIRJ-MDZDMXLPSA-N	ZQPPMHVWECSIRJ	Lipids and lipid-like molecules	Fatty Acyls	Fatty acids and conjugates	Fatty Acids and Conjugates	Unsaturated fatty acids	Fatty acids	mzspec:GNPS:GNPS-LIBRARY:CCMSLIB00006679960
CCMSLIB00017429937	22193	spectra_filtered.mgf	GNPS-ION-MOBILITY-LIBRARY.mgf	0.712735	434990.0	0	40.6647	5	0.00793457	195.114	0	temp/spectra_filtered.mgf22193	22193	1	tetraethylene glycol [CCS=140.2132568359375]	LC-ESI	ToF	Crude	Pieter Dorrestein	victoriadeleray	[M+H]+	195.122	194.115	1	N/A	N/A	OCCOCCOCCOCCO	"InChI=1S/C8H18O5/c9-1-3-11-5-7-13-8-6-12-4-2-10/h9-10H,1-8H2"	N/A	1	Positive	GNPS-ION-MOBILITY-LIBRARY	195.122	UPDATE-SINGLE-ANNOTATED-GOLD	Gold		C8H18O5	UWHCKJMYHZGTIT-UHFFFAOYSA-N	UWHCKJMYHZGTIT	Organic oxygen compounds	Organooxygen compounds	Ethers				mzspec:GNPS:GNPS-LIBRARY:CCMSLIB00017429937
CCMSLIB00005436263	21366	spectra_filtered.mgf	GNPS-LIBRARY.mgf	0.712679	2025400.0	0	0.40011	16	0.000244141	610.184	1	temp/spectra_filtered.mgf21366	21366	1	Contaminants septum vial Thermo C4000-53 and C4000-54 serie	LC-ESI	Orbitrap	Lysate	Dorrestein	lfnothias	M+H	610.184	0.0	0	 	 	 	 	 	3	Positive	GNPS-LIBRARY	610.184	UPDATE-SINGLE-ANNOTATED-BRONZE	Bronze		N/A	N/A	N/A	N/A	N/A	N/A	N/A	N/A	N/A	mzspec:GNPS:GNPS-LIBRARY:CCMSLIB00005436263
CCMSLIB00012307412	62720	spectra_filtered.mgf	MSNLIB-POSITIVE.mgf	0.712239	482006.0	0	0.0	7	0.0	522.203	1	temp/spectra_filtered.mgf62720	62720	1	Melezitose	ESI	Orbitrap	Crude	Tomas Pluskal	Corinna Brungs	[M+NH4]+	522.203	504.169	1	N/A	N/A	OC[C@H]1O[C@@](CO)(O[C@H]2O[C@H](CO)[C@@H](O)[C@H](O)[C@H]2O)[C@@H](O[C@H]2O[C@H](CO)[C@@H](O)[C@H](O)[C@H]2O)[C@@H]1O	"InChI=1S/C18H32O16/c19-1-5-8(23)11(26)13(28)16(30-5)32-15-10(25)7(3-21)33-18(15,4-22)34-17-14(29)12(27)9(24)6(2-20)31-17/h5-17,19-29H,1-4H2/t5-,6-,7-,8-,9-,10-,11+,12+,13-,14-,15+,16-,17-,18+/m1/s1"	QWIZNVHXZXRPDR-WSCXOGSTSA-N	1	Positive	MSNLIB-POSITIVE	522.203	UPDATE-SINGLE-ANNOTATED-GOLD	Gold		C18H32O16	QWIZNVHXZXRPDR-WSCXOGSTSA-N	QWIZNVHXZXRPDR	Organic oxygen compounds	Organooxygen compounds	Carbohydrates and carbohydrate conjugates	Saccharides	Disaccharides|Polysaccharides	Carbohydrates	mzspec:GNPS:GNPS-LIBRARY:CCMSLIB00012307412
CCMSLIB00005467684	61951	spectra_filtered.mgf	GNPS-LIBRARY.mgf	0.712141	1968880.0	0	12.8437	8	0.00341797	266.123	1	temp/spectra_filtered.mgf61951	61951	1	D-1-[(3-Carboxypropyl)amino]-1-deoxyfructose	LC-ESI	qTof	Isolated	Claudia Maier	Armando Alcazar	M+H	266.12	0.0	1	 	 	 	 	 	3	Positive	GNPS-LIBRARY	266.12	UPDATE-SINGLE-ANNOTATED-BRONZE	Bronze		N/A	N/A	N/A	N/A	N/A	N/A	N/A	N/A	N/A	mzspec:GNPS:GNPS-LIBRARY:CCMSLIB00005467684
CCMSLIB00010059266	18374	spectra_filtered.mgf	PNNL-LIPIDS-POSITIVE.mgf	0.703356	1049470.0	0	1.32976	8	0.000915527	688.491	0	temp/spectra_filtered.mgf18374	18374	1	PE(16:1/16:1); [M+H]+ C37H71N1O8P1	LC-ESI	HCD; Velos	Commercial	Thomas Metz	Thomas Metz	M+H	688.492	0.0	1	N/A	N/A	N/A	N/A	N/A	1	Positive	PNNL-LIPIDS-POSITIVE	688.492	UPDATE-SINGLE-ANNOTATED-GOLD	Gold		N/A	N/A	N/A	N/A	N/A	N/A	N/A	N/A	N/A	mzspec:GNPS:GNPS-LIBRARY:CCMSLIB00010059266
CCMSLIB00003135541	8797	spectra_filtered.mgf	GNPS-NIST14-MATCHES.mgf	0.702714	141097.0	0	0.188813	7	6.10352E-05	323.258	1	temp/spectra_filtered.mgf8797	8797	1	Spectral Match to 15-OxoEDE from NIST14	ESI	HCD	Isolated	Data from Wolfender/Litaudon	Data deposited by pmallard	M+H	323.258	0.0	1	105835447	N/A	N/A	N/A	N/A	3	Positive	GNPS-NIST14-MATCHES	323.258	UPDATE-SINGLE-ANNOTATED-BRONZE	Bronze		N/A	N/A	N/A	N/A	N/A	N/A	N/A	N/A	N/A	mzspec:GNPS:GNPS-LIBRARY:CCMSLIB00003135541
CCMSLIB00006678083	26175	spectra_filtered.mgf	GNPS-LIBRARY.mgf	0.702573	555334.0	0	0.270669	6	0.000183105	676.491	1	temp/spectra_filtered.mgf26175	26175	1	PE-DAG (15:0/16:1)	LC-ESI	Orbitrap	Other	S Ding	Su Ding	M+H	676.491	676.49	1	N/A	N/A	N/A	N/A	N/A	3	Positive	GNPS-LIBRARY	676.491	UPDATE-SINGLE-ANNOTATED-BRONZE	Bronze		N/A	N/A	N/A	N/A	N/A	N/A	N/A	N/A	N/A	mzspec:GNPS:GNPS-LIBRARY:CCMSLIB00006678083
CCMSLIB00000579260	25175	spectra_filtered.mgf	GNPS-LIBRARY.mgf	0.700315	617388.0	0	4.0984	6	0.00158691	387.201	1	temp/spectra_filtered.mgf25175	25175	1	roseoside	LC-ESI	qTof	Isolated	TJ Ling	TJ Ling	M+H	387.203	386.194	1	54835-70-0	 	CC([C@@](/C=C/[C@H](O[C@H]1[C@H](O)[C@@H](O)[C@H](O)[C@@H](CO)O1)C)(O)C(C)(C)C2)=CC2=O	"InChI=1S/C19H30O8/c1-10-7-12(21)8-18(3,4)19(10,25)6-5-11(2)26-17-16(24)15(23)14(22)13(9-20)27-17/h5-7,11,13-17,20,22-25H,8-9H2,1-4H3/b6-5+/t11-,13-,14-,15+,16-,17-,19-/m1/s1"	 	3	Positive	GNPS-LIBRARY	387.203	UPDATE-SINGLE-ANNOTATED-BRONZE	Bronze		C19H30O8	SWYRVCGNMNAFEK-MHXFFUGFSA-N	SWYRVCGNMNAFEK	Lipids and lipid-like molecules	Fatty Acyls	Fatty acyl glycosides	Apocarotenoids	Megastigmanes	Terpenoids	mzspec:GNPS:GNPS-LIBRARY:CCMSLIB00000579260