SpectrumID	#Scan#	SpectrumFile	LibraryName	MQScore	TIC_Query	RT_Query	MZErrorPPM	SharedPeaks	MassDiff	SpecMZ	SpecCharge	FileScanUniqueID	UniqueID	NumberHits	Compound_Name	Ion_Source	Instrument	Compound_Source	PI	Data_Collector	Adduct	Precursor_MZ	ExactMass	Charge	CAS_Number	Pubmed_ID	Smiles	INCHI	INCHI_AUX	Library_Class	IonMode	Organism	LibMZ	UpdateWorkflowName	LibraryQualityString	tags	molecular_formula	InChIKey	InChIKey-Planar	superclass	class	subclass	npclassifier_superclass	npclassifier_class	npclassifier_pathway	library_usi
CCMSLIB00010113493	61707	spectra_filtered.mgf	BERKELEY-LAB.mgf	0.988459	13885200.0	0	2.93719	5	0.000473022	161.046	-1	temp/spectra_filtered.mgf61707	61707	1	MEGLUTOL CollisionEnergy:102040	LC-ESI	Orbitrap	Commercial	Trent Northen	JGI	M-H	161.046	0.0	1	N/A	N/A	CC(O)(CC(=O)O)CC(=O)O	"""InChI=1S/C6H10O5/c1-6(11,2-4(7)8)3-5(9)10/h11H,2-3H2,1H3,(H,7,8)(H,9,10)"""	N/A	3	Negative	BERKELEY-LAB	161.046	UPDATE-SINGLE-ANNOTATED-BRONZE	Bronze		C6H10O5	NPOAOTPXWNWTSH-UHFFFAOYSA-N	NPOAOTPXWNWTSH	Lipids and lipid-like molecules	Fatty Acyls	Fatty acids and conjugates	Fatty Acids and Conjugates	Dicarboxylic acids	Fatty acids	mzspec:GNPS:GNPS-LIBRARY:CCMSLIB00010113493
CCMSLIB00013639347	60478	spectra_filtered.mgf	WINE-DB-ORBITRAP.mgf	0.981368	2934730.0	0	0.62626	9	0.000213623	341.109	-1	temp/spectra_filtered.mgf60478	60478	1	Saccharose	ESI	Orbitrap	Commercial	Axel_Marchal	TE_MLS	M+H	341.109	342.3	1	57-50-1	N/A	O([C@]1(CO)O[C@H](CO)[C@@H](O)[C@@H]1O)[C@H]2O[C@H](CO)[C@@H](O)[C@H](O)[C@H]2O	"InChI=1S/C12H22O11/c13-1-4-6(16)8(18)9(19)11(21-4)23-12(3-15)10(20)7(17)5(2-14)22-12/h4-11,13-20H,1-3H2/t4-,5-,6-,7-,8+,9-,10+,11-,12+/m1/s1"	N/A	1	Negative	WINE-DB-ORBITRAP	341.109	UPDATE-SINGLE-ANNOTATED-GOLD	Gold		C12H22O11	CZMRCDWAGMRECN-UGDNZRGBSA-N	CZMRCDWAGMRECN	Organic oxygen compounds	Organooxygen compounds	Carbohydrates and carbohydrate conjugates	Saccharides	Disaccharides	Carbohydrates	mzspec:GNPS:GNPS-LIBRARY:CCMSLIB00013639347
CCMSLIB00006679276	66474	spectra_filtered.mgf	MONA.mgf	0.974629	7105720.0	0	1.59761	7	0.000305176	191.02	-1	temp/spectra_filtered.mgf66474	66474	1	CITRIC ACID	ESI	Orbitrap	isolated	MoNA	MoNA:MoNA037792	M-H	191.02	0.0	1	N/A	N/A	C(C(=O)O)C(CC(=O)O)(C(=O)O)O	"""InChI=1S/C6H8O7/c7-3(8)1-6(13,5(11)12)2-4(9)10/h13H,1-2H2,(H,7,8)(H,9,10)(H,11,12)"""	N/A	3	negative	MONA	191.02	UPDATE-SINGLE-ANNOTATED-BRONZE	Bronze		C6H8O7	KRKNYBCHXYNGOX-UHFFFAOYSA-N	KRKNYBCHXYNGOX	Organic acids and derivatives	Carboxylic acids and derivatives	Tricarboxylic acids and derivatives	Fatty Acids and Conjugates	Hydroxy fatty acids	Fatty acids	mzspec:GNPS:GNPS-LIBRARY:CCMSLIB00006679276
CCMSLIB00010121460	1718	spectra_filtered.mgf	BERKELEY-LAB.mgf	0.973496	2674740.0	0	1.89465	5	0.000289917	153.019	-1	temp/spectra_filtered.mgf1718	1718	1	"""2,3-Dihydroxybenzoic acid CollisionEnergy:205060"""	LC-ESI	Orbitrap	Commercial	Trent Northen	JGI	M-H	153.019	0.0	1	N/A	N/A	O=C(O)c1cccc(O)c1O	"""InChI=1S/C7H6O4/c8-5-3-1-2-4(6(5)9)7(10)11/h1-3,8-9H,(H,10,11)"""	N/A	3	Negative	BERKELEY-LAB	153.019	UPDATE-SINGLE-ANNOTATED-BRONZE	Bronze		C7H6O4	GLDQAMYCGOIJDV-UHFFFAOYSA-N	GLDQAMYCGOIJDV	Benzenoids	Benzene and substituted derivatives	Benzoic acids and derivatives	Phenolic acids (C6-C1)	Simple phenolic acids	Shikimates and Phenylpropanoids	mzspec:GNPS:GNPS-LIBRARY:CCMSLIB00010121460
CCMSLIB00012857337	58583	spectra_filtered.mgf	MSNLIB-NEGATIVE.mgf	0.972883	22545500.0	0	2.60976	5	0.000488281	187.098	-1	temp/spectra_filtered.mgf58583	58583	1	azelaic acid	ESI	Orbitrap	Commercial	Tomas Pluskal	Corinna Brungs	[M-H]-	187.098	188.105	-1	N/A	N/A	O=C(O)CCCCCCCC(=O)O	"InChI=1S/C9H16O4/c10-8(11)6-4-2-1-3-5-7-9(12)13/h1-7H2,(H,10,11)(H,12,13)"	BDJRBEYXGGNYIS-UHFFFAOYSA-N	1	Negative	MSNLIB-NEGATIVE	187.098	UPDATE-SINGLE-ANNOTATED-GOLD	Gold		C9H16O4	BDJRBEYXGGNYIS-UHFFFAOYSA-N	BDJRBEYXGGNYIS	Lipids and lipid-like molecules	Fatty Acyls	Fatty acids and conjugates	Fatty Acids and Conjugates	Dicarboxylic acids	Fatty acids	mzspec:GNPS:GNPS-LIBRARY:CCMSLIB00012857337
CCMSLIB00012351243	53008	spectra_filtered.mgf	MSNLIB-NEGATIVE.mgf	0.970931	2662910.0	0	1.31314	6	0.000198364	151.061	-1	temp/spectra_filtered.mgf53008	53008	1	L-arabinitol	ESI	Orbitrap	Crude	Tomas Pluskal	Corinna Brungs	[M-H]-	151.061	152.068	1	N/A	N/A	OC[C@H](O)C(O)[C@@H](O)CO	"InChI=1S/C5H12O5/c6-1-3(8)5(10)4(9)2-7/h3-10H,1-2H2/t3-,4-/m0/s1"	HEBKCHPVOIAQTA-IMJSIDKUSA-N	1	Negative	MSNLIB-NEGATIVE	151.061	UPDATE-SINGLE-ANNOTATED-GOLD	Gold		C5H12O5	HEBKCHPVOIAQTA-IMJSIDKUSA-N	HEBKCHPVOIAQTA	Organic oxygen compounds	Organooxygen compounds	Carbohydrates and carbohydrate conjugates	Saccharides	Monosaccharides	Carbohydrates	mzspec:GNPS:GNPS-LIBRARY:CCMSLIB00012351243
CCMSLIB00013639301	56387	spectra_filtered.mgf	WINE-DB-ORBITRAP.mgf	0.969434	9634380.0	0	3.96067	6	0.000717163	181.072	-1	temp/spectra_filtered.mgf56387	56387	1	Sorbitol	ESI	Orbitrap	Commercial	Axel_Marchal	TE_MLS	M+H	181.071	182.17	1	50-70-4	N/A	[C@H]([C@@H]([C@@H](CO)O)O)([C@H](CO)O)O	"InChI=1S/C6H14O6/c7-1-3(9)5(11)6(12)4(10)2-8/h3-12H,1-2H2/t3-,4+,5-,6-/m1/s1"	N/A	1	Negative	WINE-DB-ORBITRAP	181.071	UPDATE-SINGLE-ANNOTATED-GOLD	Gold		C6H14O6	FBPFZTCFMRRESA-JGWLITMVSA-N	FBPFZTCFMRRESA	Organic oxygen compounds	Organooxygen compounds	Carbohydrates and carbohydrate conjugates	Saccharides	Monosaccharides	Carbohydrates	mzspec:GNPS:GNPS-LIBRARY:CCMSLIB00013639301
CCMSLIB00010121461	4072	spectra_filtered.mgf	BERKELEY-LAB.mgf	0.967991	7676500.0	0	1.99437	5	0.000305176	153.019	-1	temp/spectra_filtered.mgf4072	4072	1	"""2,3-Dihydroxybenzoic acid CollisionEnergy:205060"""	LC-ESI	Orbitrap	Commercial	Trent Northen	JGI	M-H	153.019	0.0	1	N/A	N/A	O=C(O)c1cccc(O)c1O	"""InChI=1S/C7H6O4/c8-5-3-1-2-4(6(5)9)7(10)11/h1-3,8-9H,(H,10,11)"""	N/A	3	Negative	BERKELEY-LAB	153.019	UPDATE-SINGLE-ANNOTATED-BRONZE	Bronze		C7H6O4	GLDQAMYCGOIJDV-UHFFFAOYSA-N	GLDQAMYCGOIJDV	Benzenoids	Benzene and substituted derivatives	Benzoic acids and derivatives	Phenolic acids (C6-C1)	Simple phenolic acids	Shikimates and Phenylpropanoids	mzspec:GNPS:GNPS-LIBRARY:CCMSLIB00010121461
CCMSLIB00012351243	53961	spectra_filtered.mgf	MSNLIB-NEGATIVE.mgf	0.967411	1251960.0	0	1.31314	6	0.000198364	151.061	-1	temp/spectra_filtered.mgf53961	53961	1	L-arabinitol	ESI	Orbitrap	Crude	Tomas Pluskal	Corinna Brungs	[M-H]-	151.061	152.068	1	N/A	N/A	OC[C@H](O)C(O)[C@@H](O)CO	"InChI=1S/C5H12O5/c6-1-3(8)5(10)4(9)2-7/h3-10H,1-2H2/t3-,4-/m0/s1"	HEBKCHPVOIAQTA-IMJSIDKUSA-N	1	Negative	MSNLIB-NEGATIVE	151.061	UPDATE-SINGLE-ANNOTATED-GOLD	Gold		C5H12O5	HEBKCHPVOIAQTA-IMJSIDKUSA-N	HEBKCHPVOIAQTA	Organic oxygen compounds	Organooxygen compounds	Carbohydrates and carbohydrate conjugates	Saccharides	Monosaccharides	Carbohydrates	mzspec:GNPS:GNPS-LIBRARY:CCMSLIB00012351243
CCMSLIB00010059800	28488	spectra_filtered.mgf	PNNL-LIPIDS-NEGATIVE.mgf	0.967173	21577300.0	0	1.62666	8	0.000732422	450.263	-1	temp/spectra_filtered.mgf28488	28488	1	PE(16:1/0:0); [M-H]- C21H41N1O7P1	LC-ESI	HCD; Lumos	Commercial	Thomas Metz	Thomas Metz	M-H	450.262	0.0	1	N/A	N/A	N/A	N/A	N/A	1	Negative	PNNL-LIPIDS-NEGATIVE	450.262	UPDATE-SINGLE-ANNOTATED-GOLD	Gold		N/A	N/A	N/A	N/A	N/A	N/A	N/A	N/A	N/A	mzspec:GNPS:GNPS-LIBRARY:CCMSLIB00010059800
CCMSLIB00012344691	62968	spectra_filtered.mgf	MSNLIB-NEGATIVE.mgf	0.965559	2991690.0	0	2.10963	9	0.000396729	188.056	-1	temp/spectra_filtered.mgf62968	62968	1	N-Acetyl-L-glutamic acid	ESI	Orbitrap	Crude	Tomas Pluskal	Corinna Brungs	[M-H]-	188.056	189.064	1	N/A	N/A	CC(=O)N[C@@H](CCC(=O)O)C(=O)O	"InChI=1S/C7H11NO5/c1-4(9)8-5(7(12)13)2-3-6(10)11/h5H,2-3H2,1H3,(H,8,9)(H,10,11)(H,12,13)/t5-/m0/s1"	RFMMMVDNIPUKGG-YFKPBYRVSA-N	1	Negative	MSNLIB-NEGATIVE	188.056	UPDATE-SINGLE-ANNOTATED-GOLD	Gold		C7H11NO5	RFMMMVDNIPUKGG-YFKPBYRVSA-N	RFMMMVDNIPUKGG	Organic acids and derivatives	Carboxylic acids and derivatives	"Amino acids, peptides, and analogues"	Small peptides	Dipeptides	Amino acids and Peptides	mzspec:GNPS:GNPS-LIBRARY:CCMSLIB00012344691
CCMSLIB00010059351	7814	spectra_filtered.mgf	PNNL-LIPIDS-NEGATIVE.mgf	0.964532	18286300.0	0	1.21999	6	0.000549316	450.263	-1	temp/spectra_filtered.mgf7814	7814	1	PE(16:1/0:0); [M-H]- C21H41N1O7P1	LC-ESI	HCD; Lumos	Commercial	Thomas Metz	Thomas Metz	M-H	450.262	0.0	1	N/A	N/A	N/A	N/A	N/A	1	Negative	PNNL-LIPIDS-NEGATIVE	450.262	UPDATE-SINGLE-ANNOTATED-GOLD	Gold		N/A	N/A	N/A	N/A	N/A	N/A	N/A	N/A	N/A	mzspec:GNPS:GNPS-LIBRARY:CCMSLIB00010059351
CCMSLIB00003137313	58785	spectra_filtered.mgf	GNPS-NIST14-MATCHES.mgf	0.962758	5029930.0	0	0.565015	5	7.62939E-05	135.03	-1	temp/spectra_filtered.mgf58785	58785	1	Spectral Match to Threonic acid from NIST14	ESI	HCD	Isolated	Data from Kevin Bush	Data deposited by fevargas	M-H	135.03	0.0	1	3909124	N/A	N/A	N/A	N/A	3	Negative	GNPS-NIST14-MATCHES	135.03	UPDATE-SINGLE-ANNOTATED-BRONZE	Bronze		N/A	N/A	N/A	N/A	N/A	N/A	N/A	N/A	N/A	mzspec:GNPS:GNPS-LIBRARY:CCMSLIB00003137313
CCMSLIB00003139409	54846	spectra_filtered.mgf	GNPS-NIST14-MATCHES.mgf	0.96213	734409.0	0	0.511308	6	9.15527E-05	179.056	-1	temp/spectra_filtered.mgf54846	54846	1	Spectral Match to D-Psicose from NIST14	ESI	QqQ	Isolated	Data from Kevin Bush	Data deposited by fevargas	M-H	179.056	0.0	1	551688	N/A	N/A	N/A	N/A	3	Negative	GNPS-NIST14-MATCHES	179.056	UPDATE-SINGLE-ANNOTATED-BRONZE	Bronze		N/A	N/A	N/A	N/A	N/A	N/A	N/A	N/A	N/A	mzspec:GNPS:GNPS-LIBRARY:CCMSLIB00003139409
CCMSLIB00003139324	11968	spectra_filtered.mgf	GNPS-NIST14-MATCHES.mgf	0.959751	2271480.0	0	0.809703	6	0.000366211	452.278	-1	temp/spectra_filtered.mgf11968	11968	1	Spectral Match to 1-Palmitoyl-2-hydroxy-sn-glycero-3-phosphoethanolamine from NIST14	ESI	qTof	Isolated	Data from Pieter Dorrestein	Data deposited by daniel	M-H	452.278	453.285	1	53862354	N/A	CCCCCCCCCCCCCCCC(=O)OC[C@H](COP(=O)(O)OCCN)O	"InChI=1S/C21H44NO7P/c1-2-3-4-5-6-7-8-9-10-11-12-13-14-15-21(24)27-18-20(23)19-29-30(25,26)28-17-16-22/h20,23H,2-19,22H2,1H3,(H,25,26)/t20-/m1/s1"	N/A	3	Negative	GNPS-NIST14-MATCHES	452.278	UPDATE-SINGLE-ANNOTATED-BRONZE	Bronze		C21H44NO7P	YVYMBNSKXOXSKW-HXUWFJFHSA-N	YVYMBNSKXOXSKW	Lipids and lipid-like molecules	Glycerophospholipids	Glycerophosphoethanolamines	Glycerophospholipids	Glycerophosphoethanolamines	Fatty acids	mzspec:GNPS:GNPS-LIBRARY:CCMSLIB00003139324
CCMSLIB00010113493	60772	spectra_filtered.mgf	BERKELEY-LAB.mgf	0.958432	2266530.0	0	2.93719	5	0.000473022	161.046	-1	temp/spectra_filtered.mgf60772	60772	1	MEGLUTOL CollisionEnergy:102040	LC-ESI	Orbitrap	Commercial	Trent Northen	JGI	M-H	161.046	0.0	1	N/A	N/A	CC(O)(CC(=O)O)CC(=O)O	"""InChI=1S/C6H10O5/c1-6(11,2-4(7)8)3-5(9)10/h11H,2-3H2,1H3,(H,7,8)(H,9,10)"""	N/A	3	Negative	BERKELEY-LAB	161.046	UPDATE-SINGLE-ANNOTATED-BRONZE	Bronze		C6H10O5	NPOAOTPXWNWTSH-UHFFFAOYSA-N	NPOAOTPXWNWTSH	Lipids and lipid-like molecules	Fatty Acyls	Fatty acids and conjugates	Fatty Acids and Conjugates	Dicarboxylic acids	Fatty acids	mzspec:GNPS:GNPS-LIBRARY:CCMSLIB00010113493
CCMSLIB00003138589	7714	spectra_filtered.mgf	GNPS-NIST14-MATCHES.mgf	0.956627	5987340.0	0	0.957076	8	0.000457764	478.294	-1	temp/spectra_filtered.mgf7714	7714	1	Spectral Match to 1-(9Z-Octadecenoyl)-sn-glycero-3-phosphoethanolamine from NIST14	ESI	HCD	Isolated	Data from Pieter Dorrestein	Data deposited by daniel	M-H	478.294	0.0	1	89576294	N/A	N/A	N/A	N/A	3	Negative	GNPS-NIST14-MATCHES	478.294	UPDATE-SINGLE-ANNOTATED-BRONZE	Bronze		N/A	N/A	N/A	N/A	N/A	N/A	N/A	N/A	N/A	mzspec:GNPS:GNPS-LIBRARY:CCMSLIB00003138589
CCMSLIB00010059351	17746	spectra_filtered.mgf	PNNL-LIPIDS-NEGATIVE.mgf	0.953569	5573080.0	0	1.62666	6	0.000732422	450.263	-1	temp/spectra_filtered.mgf17746	17746	1	PE(16:1/0:0); [M-H]- C21H41N1O7P1	LC-ESI	HCD; Lumos	Commercial	Thomas Metz	Thomas Metz	M-H	450.262	0.0	1	N/A	N/A	N/A	N/A	N/A	1	Negative	PNNL-LIPIDS-NEGATIVE	450.262	UPDATE-SINGLE-ANNOTATED-GOLD	Gold		N/A	N/A	N/A	N/A	N/A	N/A	N/A	N/A	N/A	mzspec:GNPS:GNPS-LIBRARY:CCMSLIB00010059351
CCMSLIB00010102773	63039	spectra_filtered.mgf	BERKELEY-LAB.mgf	0.952868	2119810.0	0	0.152158	9	6.10352E-05	401.13	-1	temp/spectra_filtered.mgf63039	63039	1	trehalose CollisionEnergy:102040	LC-ESI	Orbitrap	Commercial	Trent Northen	JGI	M+acetate	401.13	0.0	1	N/A	N/A	OC[C@H]1O[C@H](O[C@H]2O[C@H](CO)[C@@H](O)[C@H](O)[C@H]2O)[C@H](O)[C@@H](O)[C@@H]1O	"""InChI=1S/C12H22O11/c13-1-3-5(15)7(17)9(19)11(21-3)23-12-10(20)8(18)6(16)4(2-14)22-12/h3-20H,1-2H2/t3-,4-,5-,6-,7+,8+,9-,10-,11-,12-/m1/s1"""	N/A	3	Negative	BERKELEY-LAB	401.13	UPDATE-SINGLE-ANNOTATED-BRONZE	Bronze		C12H22O11	HDTRYLNUVZCQOY-LIZSDCNHSA-N	HDTRYLNUVZCQOY	Organic oxygen compounds	Organooxygen compounds	Carbohydrates and carbohydrate conjugates	Saccharides	Disaccharides	Carbohydrates	mzspec:GNPS:GNPS-LIBRARY:CCMSLIB00010102773
CCMSLIB00003138589	26947	spectra_filtered.mgf	GNPS-NIST14-MATCHES.mgf	0.951822	5117490.0	0	0.191415	6	9.15527E-05	478.294	-1	temp/spectra_filtered.mgf26947	26947	1	Spectral Match to 1-(9Z-Octadecenoyl)-sn-glycero-3-phosphoethanolamine from NIST14	ESI	HCD	Isolated	Data from Pieter Dorrestein	Data deposited by daniel	M-H	478.294	0.0	1	89576294	N/A	N/A	N/A	N/A	3	Negative	GNPS-NIST14-MATCHES	478.294	UPDATE-SINGLE-ANNOTATED-BRONZE	Bronze		N/A	N/A	N/A	N/A	N/A	N/A	N/A	N/A	N/A	mzspec:GNPS:GNPS-LIBRARY:CCMSLIB00003138589
CCMSLIB00012344691	62049	spectra_filtered.mgf	MSNLIB-NEGATIVE.mgf	0.950078	1291190.0	0	2.10963	9	0.000396729	188.056	-1	temp/spectra_filtered.mgf62049	62049	1	N-Acetyl-L-glutamic acid	ESI	Orbitrap	Crude	Tomas Pluskal	Corinna Brungs	[M-H]-	188.056	189.064	1	N/A	N/A	CC(=O)N[C@@H](CCC(=O)O)C(=O)O	"InChI=1S/C7H11NO5/c1-4(9)8-5(7(12)13)2-3-6(10)11/h5H,2-3H2,1H3,(H,8,9)(H,10,11)(H,12,13)/t5-/m0/s1"	RFMMMVDNIPUKGG-YFKPBYRVSA-N	1	Negative	MSNLIB-NEGATIVE	188.056	UPDATE-SINGLE-ANNOTATED-GOLD	Gold		C7H11NO5	RFMMMVDNIPUKGG-YFKPBYRVSA-N	RFMMMVDNIPUKGG	Organic acids and derivatives	Carboxylic acids and derivatives	"Amino acids, peptides, and analogues"	Small peptides	Dipeptides	Amino acids and Peptides	mzspec:GNPS:GNPS-LIBRARY:CCMSLIB00012344691
CCMSLIB00010102773	60481	spectra_filtered.mgf	BERKELEY-LAB.mgf	0.949847	3038140.0	0	0.228237	9	9.15527E-05	401.13	-1	temp/spectra_filtered.mgf60481	60481	1	trehalose CollisionEnergy:102040	LC-ESI	Orbitrap	Commercial	Trent Northen	JGI	M+acetate	401.13	0.0	1	N/A	N/A	OC[C@H]1O[C@H](O[C@H]2O[C@H](CO)[C@@H](O)[C@H](O)[C@H]2O)[C@H](O)[C@@H](O)[C@@H]1O	"""InChI=1S/C12H22O11/c13-1-3-5(15)7(17)9(19)11(21-3)23-12-10(20)8(18)6(16)4(2-14)22-12/h3-20H,1-2H2/t3-,4-,5-,6-,7+,8+,9-,10-,11-,12-/m1/s1"""	N/A	3	Negative	BERKELEY-LAB	401.13	UPDATE-SINGLE-ANNOTATED-BRONZE	Bronze		C12H22O11	HDTRYLNUVZCQOY-LIZSDCNHSA-N	HDTRYLNUVZCQOY	Organic oxygen compounds	Organooxygen compounds	Carbohydrates and carbohydrate conjugates	Saccharides	Disaccharides	Carbohydrates	mzspec:GNPS:GNPS-LIBRARY:CCMSLIB00010102773
CCMSLIB00012352106	29228	spectra_filtered.mgf	MSNLIB-NEGATIVE.mgf	0.949193	442865.0	0	0.888508	5	0.000183105	206.082	-1	temp/spectra_filtered.mgf29228	29228	1	N-Acetyl-L-phenylalanine	ESI	Orbitrap	Crude	Tomas Pluskal	Corinna Brungs	[M-H]-	206.082	207.09	1	N/A	N/A	CC(=O)N[C@@H](Cc1ccccc1)C(=O)O	"InChI=1S/C11H13NO3/c1-8(13)12-10(11(14)15)7-9-5-3-2-4-6-9/h2-6,10H,7H2,1H3,(H,12,13)(H,14,15)/t10-/m0/s1"	CBQJSKKFNMDLON-JTQLQIEISA-N	1	Negative	MSNLIB-NEGATIVE	206.082	UPDATE-SINGLE-ANNOTATED-GOLD	Gold		C11H13NO3	CBQJSKKFNMDLON-JTQLQIEISA-N	CBQJSKKFNMDLON	Organic acids and derivatives	Carboxylic acids and derivatives	"Amino acids, peptides, and analogues"	Small peptides	Dipeptides	Amino acids and Peptides	mzspec:GNPS:GNPS-LIBRARY:CCMSLIB00012352106
CCMSLIB00012862220	45129	spectra_filtered.mgf	MSNLIB-NEGATIVE.mgf	0.947671	2964470.0	0	1.94334	5	0.000305176	157.037	-1	temp/spectra_filtered.mgf45129	45129	1	allantoin	ESI	Orbitrap	Commercial	Tomas Pluskal	Corinna Brungs	[M-H]-	157.037	158.044	-1	N/A	N/A	NC(=O)NC1NC(=O)NC1=O	"InChI=1S/C4H6N4O3/c5-3(10)6-1-2(9)8-4(11)7-1/h1H,(H3,5,6,10)(H2,7,8,9,11)"	POJWUDADGALRAB-UHFFFAOYSA-N	1	Negative	MSNLIB-NEGATIVE	157.037	UPDATE-SINGLE-ANNOTATED-GOLD	Gold		C4H6N4O3	POJWUDADGALRAB-UHFFFAOYSA-N	POJWUDADGALRAB	Organoheterocyclic compounds	Azoles	Imidazoles	Pseudoalkaloids	Purine alkaloids	Alkaloids	mzspec:GNPS:GNPS-LIBRARY:CCMSLIB00012862220
CCMSLIB00012431957	30739	spectra_filtered.mgf	MSNLIB-NEGATIVE.mgf	0.945327	2686390.0	0	1.1141	9	0.000396729	356.099	-1	temp/spectra_filtered.mgf30739	30739	1	CHEMBL487419	ESI	Orbitrap	Isolated	Tomas Pluskal	Corinna Brungs	[M-H]-	356.099	357.106	1	N/A	N/A	COc1cc2c(cc1)NC(=O)[C@@H](O[C@@H]1O[C@H](CO)[C@@H](O)[C@H](O)[C@H]1O)O2	"InChI=1S/C15H19NO9/c1-22-6-2-3-7-8(4-6)23-15(13(21)16-7)25-14-12(20)11(19)10(18)9(5-17)24-14/h2-4,9-12,14-15,17-20H,5H2,1H3,(H,16,21)/t9-,10-,11+,12-,14+,15-/m1/s1"	PMBZSEOAOIYRMW-XFWGRBSCSA-N	1	Negative	MSNLIB-NEGATIVE	356.099	UPDATE-SINGLE-ANNOTATED-GOLD	Gold		C15H19NO9	PMBZSEOAOIYRMW-XFWGRBSCSA-N	PMBZSEOAOIYRMW	Organic oxygen compounds	Organooxygen compounds	Carbohydrates and carbohydrate conjugates			Alkaloids	mzspec:GNPS:GNPS-LIBRARY:CCMSLIB00012431957
CCMSLIB00012343945	63509	spectra_filtered.mgf	MSNLIB-NEGATIVE.mgf	0.943449	1825110.0	0	1.40278	7	0.000244141	174.041	-1	temp/spectra_filtered.mgf63509	63509	1	N-Acetyl-L-aspartic acid	ESI	Orbitrap	Crude	Tomas Pluskal	Corinna Brungs	[M-H]-	174.041	175.048	1	N/A	N/A	CC(=O)N[C@@H](CC(=O)O)C(=O)O	"InChI=1S/C6H9NO5/c1-3(8)7-4(6(11)12)2-5(9)10/h4H,2H2,1H3,(H,7,8)(H,9,10)(H,11,12)/t4-/m0/s1"	OTCCIMWXFLJLIA-BYPYZUCNSA-N	1	Negative	MSNLIB-NEGATIVE	174.041	UPDATE-SINGLE-ANNOTATED-GOLD	Gold		C6H9NO5	OTCCIMWXFLJLIA-BYPYZUCNSA-N	OTCCIMWXFLJLIA	Organic acids and derivatives	Carboxylic acids and derivatives	"Amino acids, peptides, and analogues"	Small peptides	Dipeptides	Amino acids and Peptides	mzspec:GNPS:GNPS-LIBRARY:CCMSLIB00012343945
CCMSLIB00006678948	58695	spectra_filtered.mgf	MONA.mgf	0.94315	1166020.0	0	0.697302	5	0.00012207	175.061	-1	temp/spectra_filtered.mgf58695	58695	1	2-ISOPROPYLMALIC ACID	ESI	Orbitrap	isolated	MoNA	MoNA:MoNA038299	M-H	175.061	0.0	1	N/A	N/A	CC(C)[C@@](CC(=O)O)(C(=O)O)O	"""InChI=1S/C7H12O5/c1-4(2)7(12,6(10)11)3-5(8)9/h4,12H,3H2,1-2H3,(H,8,9)(H,10,11)/t7-/m0/s1"""	N/A	3	negative	MONA	175.061	UPDATE-SINGLE-ANNOTATED-BRONZE	Bronze		C7H12O5	BITYXLXUCSKTJS-ZETCQYMHSA-N	BITYXLXUCSKTJS	Lipids and lipid-like molecules	Fatty Acyls	Fatty acids and conjugates	Fatty Acids and Conjugates	Dicarboxylic acids	Fatty acids	mzspec:GNPS:GNPS-LIBRARY:CCMSLIB00006678948
CCMSLIB00003139324	26709	spectra_filtered.mgf	GNPS-NIST14-MATCHES.mgf	0.941191	7309280.0	0	0.607277	7	0.000274658	452.278	-1	temp/spectra_filtered.mgf26709	26709	1	Spectral Match to 1-Palmitoyl-2-hydroxy-sn-glycero-3-phosphoethanolamine from NIST14	ESI	qTof	Isolated	Data from Pieter Dorrestein	Data deposited by daniel	M-H	452.278	453.285	1	53862354	N/A	CCCCCCCCCCCCCCCC(=O)OC[C@H](COP(=O)(O)OCCN)O	"InChI=1S/C21H44NO7P/c1-2-3-4-5-6-7-8-9-10-11-12-13-14-15-21(24)27-18-20(23)19-29-30(25,26)28-17-16-22/h20,23H,2-19,22H2,1H3,(H,25,26)/t20-/m1/s1"	N/A	3	Negative	GNPS-NIST14-MATCHES	452.278	UPDATE-SINGLE-ANNOTATED-BRONZE	Bronze		C21H44NO7P	YVYMBNSKXOXSKW-HXUWFJFHSA-N	YVYMBNSKXOXSKW	Lipids and lipid-like molecules	Glycerophospholipids	Glycerophosphoethanolamines	Glycerophospholipids	Glycerophosphoethanolamines	Fatty acids	mzspec:GNPS:GNPS-LIBRARY:CCMSLIB00003139324
CCMSLIB00010059351	14691	spectra_filtered.mgf	PNNL-LIPIDS-NEGATIVE.mgf	0.938408	3805400.0	0	1.62666	5	0.000732422	450.263	-1	temp/spectra_filtered.mgf14691	14691	1	PE(16:1/0:0); [M-H]- C21H41N1O7P1	LC-ESI	HCD; Lumos	Commercial	Thomas Metz	Thomas Metz	M-H	450.262	0.0	1	N/A	N/A	N/A	N/A	N/A	1	Negative	PNNL-LIPIDS-NEGATIVE	450.262	UPDATE-SINGLE-ANNOTATED-GOLD	Gold		N/A	N/A	N/A	N/A	N/A	N/A	N/A	N/A	N/A	mzspec:GNPS:GNPS-LIBRARY:CCMSLIB00010059351
CCMSLIB00003139324	22148	spectra_filtered.mgf	GNPS-NIST14-MATCHES.mgf	0.934877	817438.0	0	0.877178	6	0.000396729	452.278	-1	temp/spectra_filtered.mgf22148	22148	1	Spectral Match to 1-Palmitoyl-2-hydroxy-sn-glycero-3-phosphoethanolamine from NIST14	ESI	qTof	Isolated	Data from Pieter Dorrestein	Data deposited by daniel	M-H	452.278	453.285	1	53862354	N/A	CCCCCCCCCCCCCCCC(=O)OC[C@H](COP(=O)(O)OCCN)O	"InChI=1S/C21H44NO7P/c1-2-3-4-5-6-7-8-9-10-11-12-13-14-15-21(24)27-18-20(23)19-29-30(25,26)28-17-16-22/h20,23H,2-19,22H2,1H3,(H,25,26)/t20-/m1/s1"	N/A	3	Negative	GNPS-NIST14-MATCHES	452.278	UPDATE-SINGLE-ANNOTATED-BRONZE	Bronze		C21H44NO7P	YVYMBNSKXOXSKW-HXUWFJFHSA-N	YVYMBNSKXOXSKW	Lipids and lipid-like molecules	Glycerophospholipids	Glycerophosphoethanolamines	Glycerophospholipids	Glycerophosphoethanolamines	Fatty acids	mzspec:GNPS:GNPS-LIBRARY:CCMSLIB00003139324
CCMSLIB00005719626	56302	spectra_filtered.mgf	LDB_NEGATIVE.mgf	0.933673	534453.0	0	0.739162	7	0.000167847	227.077	-1	temp/spectra_filtered.mgf56302	56302	1	D-Mannitol	LC-ESI	Orbitrap	Isolated	Jean-Luc WOLFENDER Pierre-Marie ALLARD	Damien OLIVIER	[M-H+HCOOH]	227.077	182.079	1	N/A	N/A	OC[C@@H](O)[C@@H](O)[C@H](O)[C@H](O)CO	"""InChI=1S/C6H14O6/c7-1-3(9)5(11)6(12)4(10)2-8/h3-12H,1-2H2/t3-,4-,5-,6-/m1/s1"""	N/A	3	Negative	LDB_NEGATIVE	227.077	UPDATE-SINGLE-ANNOTATED-BRONZE	Bronze		C6H14O6	FBPFZTCFMRRESA-KVTDHHQDSA-N	FBPFZTCFMRRESA	Organic oxygen compounds	Organooxygen compounds	Carbohydrates and carbohydrate conjugates	Saccharides	Monosaccharides	Carbohydrates	mzspec:GNPS:GNPS-LIBRARY:CCMSLIB00005719626
CCMSLIB00012857331	56686	spectra_filtered.mgf	MSNLIB-NEGATIVE.mgf	0.933302	4797420.0	0	2.52821	5	0.000473022	187.098	-1	temp/spectra_filtered.mgf56686	56686	1	azelaic acid	ESI	Orbitrap	Commercial	Tomas Pluskal	Corinna Brungs	[M-H]-	187.098	188.105	-1	N/A	N/A	O=C(O)CCCCCCCC(=O)O	"InChI=1S/C9H16O4/c10-8(11)6-4-2-1-3-5-7-9(12)13/h1-7H2,(H,10,11)(H,12,13)"	BDJRBEYXGGNYIS-UHFFFAOYSA-N	1	Negative	MSNLIB-NEGATIVE	187.098	UPDATE-SINGLE-ANNOTATED-GOLD	Gold		C9H16O4	BDJRBEYXGGNYIS-UHFFFAOYSA-N	BDJRBEYXGGNYIS	Lipids and lipid-like molecules	Fatty Acyls	Fatty acids and conjugates	Fatty Acids and Conjugates	Dicarboxylic acids	Fatty acids	mzspec:GNPS:GNPS-LIBRARY:CCMSLIB00012857331
CCMSLIB00006122331	56141	spectra_filtered.mgf	BIRMINGHAM-UHPLC-MS-NEG.mgf	0.92954	280900.0	0	0.565015	5	7.62939E-05	135.03	-1	temp/spectra_filtered.mgf56141	56141	1	L-threonic acid - 40.0 eV	ESI	Orbitrap	Isolated	PI	Data Collector	M-H	135.03	0.0	1		N/A	C([C@@H]([C@H](C(=O)O)O)O)O	"InChI=1S/C4H8O5/c5-1-2(6)3(7)4(8)9/h2-3,5-7H,1H2,(H,8,9)/t2-,3+/m0/s1"	N/A	1	Negative	BIRMINGHAM-UHPLC-MS-NEG	135.03	UPDATE-SINGLE-ANNOTATED-GOLD	Gold		C4H8O5	JPIJQSOTBSSVTP-STHAYSLISA-N	JPIJQSOTBSSVTP	Organic oxygen compounds	Organooxygen compounds	Carbohydrates and carbohydrate conjugates	Fatty Acids and Conjugates|Saccharides	Hydroxy fatty acids|Monosaccharides	Carbohydrates|Fatty acids	mzspec:GNPS:GNPS-LIBRARY:CCMSLIB00006122331
CCMSLIB00000578372	51649	spectra_filtered.mgf	GNPS-EMBL-MCF.mgf	0.928799	264142.0	0	1.31314	6	0.000198364	151.061	-1	temp/spectra_filtered.mgf51649	51649	1	XYLITOL	LC-ESI	Q-Exactive Plus	Commercial standard	Alexandrov Theodore	Prasad	M-H	151.061	152.068	0	87-99-0	6912	C(C(C(C(CO)O)O)O)O	"InChI=1S/C5H12O5/c6-1-3(8)5(10)4(9)2-7/h3-10H,1-2H2"	N/A	1	Negative	GNPS-EMBL-MCF	151.061	UPDATE-SINGLE-ANNOTATED-GOLD	Gold		C5H12O5	HEBKCHPVOIAQTA-UHFFFAOYSA-N	HEBKCHPVOIAQTA	Organic oxygen compounds	Organooxygen compounds	Carbohydrates and carbohydrate conjugates	Saccharides	Monosaccharides	Carbohydrates	mzspec:GNPS:GNPS-LIBRARY:CCMSLIB00000578372
CCMSLIB00010059351	22474	spectra_filtered.mgf	PNNL-LIPIDS-NEGATIVE.mgf	0.928561	2468010.0	0	1.62666	5	0.000732422	450.263	-1	temp/spectra_filtered.mgf22474	22474	1	PE(16:1/0:0); [M-H]- C21H41N1O7P1	LC-ESI	HCD; Lumos	Commercial	Thomas Metz	Thomas Metz	M-H	450.262	0.0	1	N/A	N/A	N/A	N/A	N/A	1	Negative	PNNL-LIPIDS-NEGATIVE	450.262	UPDATE-SINGLE-ANNOTATED-GOLD	Gold		N/A	N/A	N/A	N/A	N/A	N/A	N/A	N/A	N/A	mzspec:GNPS:GNPS-LIBRARY:CCMSLIB00010059351
CCMSLIB00012352106	32692	spectra_filtered.mgf	MSNLIB-NEGATIVE.mgf	0.927933	357929.0	0	1.18468	5	0.000244141	206.082	-1	temp/spectra_filtered.mgf32692	32692	1	N-Acetyl-L-phenylalanine	ESI	Orbitrap	Crude	Tomas Pluskal	Corinna Brungs	[M-H]-	206.082	207.09	1	N/A	N/A	CC(=O)N[C@@H](Cc1ccccc1)C(=O)O	"InChI=1S/C11H13NO3/c1-8(13)12-10(11(14)15)7-9-5-3-2-4-6-9/h2-6,10H,7H2,1H3,(H,12,13)(H,14,15)/t10-/m0/s1"	CBQJSKKFNMDLON-JTQLQIEISA-N	1	Negative	MSNLIB-NEGATIVE	206.082	UPDATE-SINGLE-ANNOTATED-GOLD	Gold		C11H13NO3	CBQJSKKFNMDLON-JTQLQIEISA-N	CBQJSKKFNMDLON	Organic acids and derivatives	Carboxylic acids and derivatives	"Amino acids, peptides, and analogues"	Small peptides	Dipeptides	Amino acids and Peptides	mzspec:GNPS:GNPS-LIBRARY:CCMSLIB00012352106
CCMSLIB00006125218	19405	spectra_filtered.mgf	BIRMINGHAM-UHPLC-MS-NEG.mgf	0.926708	1096470.0	0	0.922001	5	0.000167847	182.046	-1	temp/spectra_filtered.mgf19405	19405	1	NS1800000 - 40.0 eV	ESI	Orbitrap	Isolated	PI	Data Collector	M-H	182.046	0.0	1		N/A	Cc1c(c(c(cn1)CO)C(=O)O)O	"InChI=1S/C8H9NO4/c1-4-7(11)6(8(12)13)5(3-10)2-9-4/h2,10-11H,3H2,1H3,(H,12,13)"	N/A	1	Negative	BIRMINGHAM-UHPLC-MS-NEG	182.046	UPDATE-SINGLE-ANNOTATED-GOLD	Gold		C8H9NO4	HXACOUQIXZGNBF-UHFFFAOYSA-N	HXACOUQIXZGNBF	Organoheterocyclic compounds	Pyridines and derivatives	Pyridinecarboxylic acids and derivatives	Nicotinic acid alkaloids	Pyridine alkaloids	Alkaloids	mzspec:GNPS:GNPS-LIBRARY:CCMSLIB00006125218
CCMSLIB00004710948	49329	spectra_filtered.mgf	MONA.mgf	0.926527	995244.0	0	0.986831	9	0.000366211	371.098	-1	temp/spectra_filtered.mgf49329	49329	1	"(2S,3S,4S,5R,6R)-6-(3-benzoyloxy-2-hydroxypropoxy)-3,4,5-trihydroxyoxane-2-carboxylic acid"	N/A	ESI-QFT	isolated	MoNA	MoNA:VF-NPL-QEHF019885	[M-H]-	371.098	0.0	1	N/A	N/A	O=C(OCC(O)CO[C@@H]1O[C@H](C(=O)O)[C@@H](O)[C@H](O)[C@H]1O)c1ccccc1	"InChI=1S/C16H20O10/c17-9(6-24-15(23)8-4-2-1-3-5-8)7-25-16-12(20)10(18)11(19)13(26-16)14(21)22/h1-5,9-13,16-20H,6-7H2,(H,21,22)/t9?,10-,11-,12+,13-,16+/m0/s1"	N/A	3	negative	MONA	371.098	UPDATE-SINGLE-ANNOTATED-BRONZE	Bronze		C16H20O10	DLZMKPZOEYKXHQ-MQCRQNCBSA-N	DLZMKPZOEYKXHQ	Organic oxygen compounds	Organooxygen compounds	Carbohydrates and carbohydrate conjugates	Phenolic acids (C6-C1)	Simple phenolic acids	Shikimates and Phenylpropanoids	mzspec:GNPS:GNPS-LIBRARY:CCMSLIB00004710948
CCMSLIB00000479622	57044	spectra_filtered.mgf	GNPS-EMBL-MCF.mgf	0.925291	569927.0	0	38.8579	6	0.00695801	179.056	-1	temp/spectra_filtered.mgf57044	57044	1	Glucose	DI-ESI	Orbitrap	Commercial	Alexandrov Theodore	Prasad	M-H	179.063	180.063	1	50-99-7	5793	N/A	"""InChI=1S/C6H12O6/c7-1-2-3(8)4(9)5(10)6(11)12-2/h2-11H,1H2/t2-,3-,4+,5-,6?/m1/s1"""	WQZGKKKJIJFFOK-GASJEMHNSA-N	1	Negative	GNPS-EMBL-MCF	179.063	UPDATE-SINGLE-ANNOTATED-GOLD	Gold		N/A	N/A	N/A	N/A	N/A	N/A	N/A	N/A	N/A	mzspec:GNPS:GNPS-LIBRARY:CCMSLIB00000479622
CCMSLIB00013639347	63033	spectra_filtered.mgf	WINE-DB-ORBITRAP.mgf	0.924121	740158.0	0	0.715726	9	0.000244141	341.109	-1	temp/spectra_filtered.mgf63033	63033	1	Saccharose	ESI	Orbitrap	Commercial	Axel_Marchal	TE_MLS	M+H	341.109	342.3	1	57-50-1	N/A	O([C@]1(CO)O[C@H](CO)[C@@H](O)[C@@H]1O)[C@H]2O[C@H](CO)[C@@H](O)[C@H](O)[C@H]2O	"InChI=1S/C12H22O11/c13-1-4-6(16)8(18)9(19)11(21-4)23-12(3-15)10(20)7(17)5(2-14)22-12/h4-11,13-20H,1-3H2/t4-,5-,6-,7-,8+,9-,10+,11-,12+/m1/s1"	N/A	1	Negative	WINE-DB-ORBITRAP	341.109	UPDATE-SINGLE-ANNOTATED-GOLD	Gold		C12H22O11	CZMRCDWAGMRECN-UGDNZRGBSA-N	CZMRCDWAGMRECN	Organic oxygen compounds	Organooxygen compounds	Carbohydrates and carbohydrate conjugates	Saccharides	Disaccharides	Carbohydrates	mzspec:GNPS:GNPS-LIBRARY:CCMSLIB00013639347
CCMSLIB00003139324	18079	spectra_filtered.mgf	GNPS-NIST14-MATCHES.mgf	0.924007	1587680.0	0	0.809703	6	0.000366211	452.278	-1	temp/spectra_filtered.mgf18079	18079	1	Spectral Match to 1-Palmitoyl-2-hydroxy-sn-glycero-3-phosphoethanolamine from NIST14	ESI	qTof	Isolated	Data from Pieter Dorrestein	Data deposited by daniel	M-H	452.278	453.285	1	53862354	N/A	CCCCCCCCCCCCCCCC(=O)OC[C@H](COP(=O)(O)OCCN)O	"InChI=1S/C21H44NO7P/c1-2-3-4-5-6-7-8-9-10-11-12-13-14-15-21(24)27-18-20(23)19-29-30(25,26)28-17-16-22/h20,23H,2-19,22H2,1H3,(H,25,26)/t20-/m1/s1"	N/A	3	Negative	GNPS-NIST14-MATCHES	452.278	UPDATE-SINGLE-ANNOTATED-BRONZE	Bronze		C21H44NO7P	YVYMBNSKXOXSKW-HXUWFJFHSA-N	YVYMBNSKXOXSKW	Lipids and lipid-like molecules	Glycerophospholipids	Glycerophosphoethanolamines	Glycerophospholipids	Glycerophosphoethanolamines	Fatty acids	mzspec:GNPS:GNPS-LIBRARY:CCMSLIB00003139324
CCMSLIB00010102807	55876	spectra_filtered.mgf	BERKELEY-LAB.mgf	0.923154	3013600.0	0	1.60111	6	0.000289917	181.072	-1	temp/spectra_filtered.mgf55876	55876	1	D-mannitol CollisionEnergy:102040	LC-ESI	Orbitrap	Commercial	Trent Northen	JGI	M-H	181.072	0.0	1	N/A	N/A	OC[C@@H](O)[C@@H](O)[C@H](O)[C@H](O)CO	"""InChI=1S/C6H14O6/c7-1-3(9)5(11)6(12)4(10)2-8/h3-12H,1-2H2/t3-,4-,5-,6-/m1/s1"""	N/A	3	Negative	BERKELEY-LAB	181.072	UPDATE-SINGLE-ANNOTATED-BRONZE	Bronze		C6H14O6	FBPFZTCFMRRESA-KVTDHHQDSA-N	FBPFZTCFMRRESA	Organic oxygen compounds	Organooxygen compounds	Carbohydrates and carbohydrate conjugates	Saccharides	Monosaccharides	Carbohydrates	mzspec:GNPS:GNPS-LIBRARY:CCMSLIB00010102807
CCMSLIB00006679584	67822	spectra_filtered.mgf	MONA.mgf	0.923022	444969.0	0	1.67749	6	0.000320435	191.02	-1	temp/spectra_filtered.mgf67822	67822	1	CITRIC ACID	ESI	Orbitrap	isolated	MoNA	MoNA:MoNA037731	M-H	191.02	0.0	1	N/A	N/A	C(C(=O)O)C(CC(=O)O)(C(=O)O)O	"""InChI=1S/C6H8O7/c7-3(8)1-6(13,5(11)12)2-4(9)10/h13H,1-2H2,(H,7,8)(H,9,10)(H,11,12)"""	N/A	3	negative	MONA	191.02	UPDATE-SINGLE-ANNOTATED-BRONZE	Bronze		C6H8O7	KRKNYBCHXYNGOX-UHFFFAOYSA-N	KRKNYBCHXYNGOX	Organic acids and derivatives	Carboxylic acids and derivatives	Tricarboxylic acids and derivatives	Fatty Acids and Conjugates	Hydroxy fatty acids	Fatty acids	mzspec:GNPS:GNPS-LIBRARY:CCMSLIB00006679584
CCMSLIB00003139409	56315	spectra_filtered.mgf	GNPS-NIST14-MATCHES.mgf	0.920987	586776.0	0	0.42609	6	7.62939E-05	179.056	-1	temp/spectra_filtered.mgf56315	56315	1	Spectral Match to D-Psicose from NIST14	ESI	QqQ	Isolated	Data from Kevin Bush	Data deposited by fevargas	M-H	179.056	0.0	1	551688	N/A	N/A	N/A	N/A	3	Negative	GNPS-NIST14-MATCHES	179.056	UPDATE-SINGLE-ANNOTATED-BRONZE	Bronze		N/A	N/A	N/A	N/A	N/A	N/A	N/A	N/A	N/A	mzspec:GNPS:GNPS-LIBRARY:CCMSLIB00003139409
CCMSLIB00010059392	28240	spectra_filtered.mgf	PNNL-LIPIDS-NEGATIVE.mgf	0.92011	5493590.0	0	1.06381	12	0.000732422	688.493	-1	temp/spectra_filtered.mgf28240	28240	1	PE(16:0/16:1); [M-H]- C37H71N1O8P1	LC-ESI	HCD; Lumos	Commercial	Thomas Metz	Thomas Metz	M-H	688.492	0.0	1	N/A	N/A	N/A	N/A	N/A	1	Negative	PNNL-LIPIDS-NEGATIVE	688.492	UPDATE-SINGLE-ANNOTATED-GOLD	Gold		N/A	N/A	N/A	N/A	N/A	N/A	N/A	N/A	N/A	mzspec:GNPS:GNPS-LIBRARY:CCMSLIB00010059392
CCMSLIB00010059541	28063	spectra_filtered.mgf	PNNL-LIPIDS-NEGATIVE.mgf	0.919582	3106590.0	0	1.42257	7	0.000976562	686.477	-1	temp/spectra_filtered.mgf28063	28063	1	PE(16:1/16:1); [M-H]- C37H69N1O8P1	LC-ESI	HCD; Lumos	Commercial	Thomas Metz	Thomas Metz	M-H	686.476	0.0	1	N/A	N/A	N/A	N/A	N/A	1	Negative	PNNL-LIPIDS-NEGATIVE	686.476	UPDATE-SINGLE-ANNOTATED-GOLD	Gold		N/A	N/A	N/A	N/A	N/A	N/A	N/A	N/A	N/A	mzspec:GNPS:GNPS-LIBRARY:CCMSLIB00010059541
CCMSLIB00012431957	29104	spectra_filtered.mgf	MSNLIB-NEGATIVE.mgf	0.918263	437006.0	0	1.0284	6	0.000366211	356.099	-1	temp/spectra_filtered.mgf29104	29104	1	CHEMBL487419	ESI	Orbitrap	Isolated	Tomas Pluskal	Corinna Brungs	[M-H]-	356.099	357.106	1	N/A	N/A	COc1cc2c(cc1)NC(=O)[C@@H](O[C@@H]1O[C@H](CO)[C@@H](O)[C@H](O)[C@H]1O)O2	"InChI=1S/C15H19NO9/c1-22-6-2-3-7-8(4-6)23-15(13(21)16-7)25-14-12(20)11(19)10(18)9(5-17)24-14/h2-4,9-12,14-15,17-20H,5H2,1H3,(H,16,21)/t9-,10-,11+,12-,14+,15-/m1/s1"	PMBZSEOAOIYRMW-XFWGRBSCSA-N	1	Negative	MSNLIB-NEGATIVE	356.099	UPDATE-SINGLE-ANNOTATED-GOLD	Gold		C15H19NO9	PMBZSEOAOIYRMW-XFWGRBSCSA-N	PMBZSEOAOIYRMW	Organic oxygen compounds	Organooxygen compounds	Carbohydrates and carbohydrate conjugates			Alkaloids	mzspec:GNPS:GNPS-LIBRARY:CCMSLIB00012431957
CCMSLIB00005737042	7048	spectra_filtered.mgf	MASSBANK.mgf	0.91467	1664800.0	0	4.66575	10	0.00335693	719.487	-1	temp/spectra_filtered.mgf7048	7048	1	Massbank:LQB00238 PG 32:1	ESI	qTof	Isolated	Massbank	Massbank	M-H	719.484	0.0	1	N/A	N/A	CCCCCCCCCCCCCCCC(=O)OCC(COP(O)(=O)OCC(O)CO)OC(=O)CCCCCCC\C=C/CCCCCC	"1S/C38H73O10P/c1-3-5-7-9-11-13-15-17-19-21-23-25-27-29-37(41)45-33-36(34-47-49(43,44)46-32-35(40)31-39)48-38(42)30-28-26-24-22-20-18-16-14-12-10-8-6-4-2/h14,16,35-36,39-40H,3-13,15,17-34H2,1-2H3,(H,43,44)/b16-14-"	N/A	3	Negative	MASSBANK	719.484	UPDATE-SINGLE-ANNOTATED-BRONZE	Bronze		C38H73O10P	NOFOTAHTYLXZNV-PEZBUJJGSA-N	NOFOTAHTYLXZNV	Lipids and lipid-like molecules	Glycerophospholipids	Glycerophosphoglycerols	Glycerophospholipids	Glycerophosphoglycerols	Fatty acids	mzspec:GNPS:GNPS-LIBRARY:CCMSLIB00005737042
CCMSLIB00012433869	43482	spectra_filtered.mgf	MSNLIB-NEGATIVE.mgf	0.914505	231063.0	0	0.740553	5	0.000152588	206.046	-1	temp/spectra_filtered.mgf43482	43482	1	"1H-Indole-3-acetic acid, 2,3-dihydro-3-hydroxy-2-oxo-"	ESI	Orbitrap	Isolated	Tomas Pluskal	Corinna Brungs	[M-H]-	206.046	207.053	1	N/A	N/A	O=C(O)CC1(O)C(=O)Nc2ccccc21	"InChI=1S/C10H9NO4/c12-8(13)5-10(15)6-3-1-2-4-7(6)11-9(10)14/h1-4,15H,5H2,(H,11,14)(H,12,13)"	MHLHEINWUCSPTL-UHFFFAOYSA-N	1	Negative	MSNLIB-NEGATIVE	206.046	UPDATE-SINGLE-ANNOTATED-GOLD	Gold		C10H9NO4	MHLHEINWUCSPTL-UHFFFAOYSA-N	MHLHEINWUCSPTL	Organoheterocyclic compounds	Indoles and derivatives	Indolyl carboxylic acids and derivatives	Tryptophan alkaloids	Simple oxindole alkaloids	Alkaloids	mzspec:GNPS:GNPS-LIBRARY:CCMSLIB00012433869
CCMSLIB00003135991	1692	spectra_filtered.mgf	GNPS-NIST14-MATCHES.mgf	0.913522	4973010.0	0	1.15919	5	0.000488281	421.227	-1	temp/spectra_filtered.mgf1692	1692	1	Spectral Match to Dioctyl sulfosuccinate from NIST14	ESI	QqQ	Isolated	Data from Pieter Dorrestein;David Touboul	Data deposited by lfnothias	M-H	421.227	0.0	1	10041197	N/A	N/A	N/A	N/A	3	Negative	GNPS-NIST14-MATCHES	421.227	UPDATE-SINGLE-ANNOTATED-BRONZE	Bronze		N/A	N/A	N/A	N/A	N/A	N/A	N/A	N/A	N/A	mzspec:GNPS:GNPS-LIBRARY:CCMSLIB00003135991
CCMSLIB00009918985	64234	spectra_filtered.mgf	GNPS-LIBRARY.mgf	0.912217	1418300.0	0	1.26709	5	0.000366211	289.018	-1	temp/spectra_filtered.mgf64234	64234	1	Malic acid 	LC-ESI	Orbitrap	Lysate	Koellensperger	Yasin El Abiead	2M+Na-2H	289.018	0.0	0	97-67-6	N/A	O[C@@H](CC(O)=O)C(O)=O	"InChI=1S/C4H6O5/c5-2(4(8)9)1-3(6)7/h2,5H,1H2,(H,6,7)(H,8,9)/t2-/m0/s1"	N/A	3	Negative	GNPS-LIBRARY	289.018	UPDATE-SINGLE-ANNOTATED-BRONZE	Bronze		C4H6O5	BJEPYKJPYRNKOW-REOHCLBHSA-N	BJEPYKJPYRNKOW	Organic acids and derivatives	Hydroxy acids and derivatives	Beta hydroxy acids and derivatives	Fatty Acids and Conjugates	Dicarboxylic acids|Hydroxy fatty acids	Fatty acids	mzspec:GNPS:GNPS-LIBRARY:CCMSLIB00009918985
CCMSLIB00012314652	26596	spectra_filtered.mgf	MSNLIB-NEGATIVE.mgf	0.91177	6203610.0	0	1.98914	5	0.00050354	253.145	-1	temp/spectra_filtered.mgf26596	26596	1	218137-86-1	ESI	Orbitrap	Crude	Tomas Pluskal	Corinna Brungs	[M-H]-	253.145	254.152	1	N/A	N/A	C=C1C(=O)OC(CCCCCCCC)C1C(=O)O	"InChI=1S/C14H22O4/c1-3-4-5-6-7-8-9-11-12(13(15)16)10(2)14(17)18-11/h11-12H,2-9H2,1H3,(H,15,16)"	VCWLZDVWHQVAJU-UHFFFAOYSA-N	1	Negative	MSNLIB-NEGATIVE	253.145	UPDATE-SINGLE-ANNOTATED-GOLD	Gold		C14H22O4	VCWLZDVWHQVAJU-UHFFFAOYSA-N	VCWLZDVWHQVAJU	Organoheterocyclic compounds	Lactones	Gamma butyrolactones	Fatty acyls	Paraconic acids and derivatives	Fatty acids	mzspec:GNPS:GNPS-LIBRARY:CCMSLIB00012314652
CCMSLIB00005464338	59610	spectra_filtered.mgf	GNPS-MSMLS.mgf	0.905366	296244.0	0	0.479193	7	9.15527E-05	191.056	-1	temp/spectra_filtered.mgf59610	59610	1	QUINATE	ESI	Orbitrap	Commercial	Dorrestein	Kelly Weldon	M-H	191.056	192.063	-1	77-95-2	N/A	OC1C[C@@](O)(C[C@@H](O)[C@H]1O)C(O)=O	"""InChI=1S/C7H12O6/c8-3-1-7(13,6(11)12)2-4(9)5(3)10/h3-5,8-10,13H,1-2H2,(H,11,12)/t3-,4?,5-,7+/m1/s1"""	N/A	1	Negative	GNPS-MSMLS	191.056	UPDATE-SINGLE-ANNOTATED-GOLD	Gold		C7H12O6	AAWZDTNXLSGCEK-RKGSPJAZSA-N	AAWZDTNXLSGCEK	Organic oxygen compounds	Organooxygen compounds	Alcohols and polyols	Phenolic acids (C6-C1)	Shikimic acids and derivatives|Simple phenolic acids	Shikimates and Phenylpropanoids	mzspec:GNPS:GNPS-LIBRARY:CCMSLIB00005464338
CCMSLIB00012314652	18000	spectra_filtered.mgf	MSNLIB-NEGATIVE.mgf	0.905014	3048560.0	0	1.92886	5	0.000488281	253.145	-1	temp/spectra_filtered.mgf18000	18000	1	218137-86-1	ESI	Orbitrap	Crude	Tomas Pluskal	Corinna Brungs	[M-H]-	253.145	254.152	1	N/A	N/A	C=C1C(=O)OC(CCCCCCCC)C1C(=O)O	"InChI=1S/C14H22O4/c1-3-4-5-6-7-8-9-11-12(13(15)16)10(2)14(17)18-11/h11-12H,2-9H2,1H3,(H,15,16)"	VCWLZDVWHQVAJU-UHFFFAOYSA-N	1	Negative	MSNLIB-NEGATIVE	253.145	UPDATE-SINGLE-ANNOTATED-GOLD	Gold		C14H22O4	VCWLZDVWHQVAJU-UHFFFAOYSA-N	VCWLZDVWHQVAJU	Organoheterocyclic compounds	Lactones	Gamma butyrolactones	Fatty acyls	Paraconic acids and derivatives	Fatty acids	mzspec:GNPS:GNPS-LIBRARY:CCMSLIB00012314652
CCMSLIB00012351834	66454	spectra_filtered.mgf	MSNLIB-NEGATIVE.mgf	0.904278	1770540.0	0	0.705572	5	0.00012207	173.009	-1	temp/spectra_filtered.mgf66454	66454	1	cis-Aconitic acid	ESI	Orbitrap	Crude	Tomas Pluskal	Corinna Brungs	[M-H]-	173.009	174.016	1	N/A	N/A	O=C(O)/C=C(/CC(=O)O)C(=O)O	"InChI=1S/C6H6O6/c7-4(8)1-3(6(11)12)2-5(9)10/h1H,2H2,(H,7,8)(H,9,10)(H,11,12)/b3-1-"	GTZCVFVGUGFEME-IWQZZHSRSA-N	1	Negative	MSNLIB-NEGATIVE	173.009	UPDATE-SINGLE-ANNOTATED-GOLD	Gold		C6H6O6	GTZCVFVGUGFEME-IWQZZHSRSA-N	GTZCVFVGUGFEME	Organic acids and derivatives	Carboxylic acids and derivatives	Tricarboxylic acids and derivatives	Fatty Acids and Conjugates	Dicarboxylic acids	Fatty acids	mzspec:GNPS:GNPS-LIBRARY:CCMSLIB00012351834
CCMSLIB00000568739	11502	spectra_filtered.mgf	MONA.mgf	0.900667	1291670.0	0	0.483131	8	0.000106812	221.082	-1	temp/spectra_filtered.mgf11502	11502	1	MoNA:934502 Diethyl phthalate (NF)	LC-ESI	qTof	Isolated	MoNA	MoNA	M-H	221.082	222.089	1	N/A	N/A	CCOC(=O)C1=CC=CC=C1C(=O)OCC	"InChI=1S/C12H14O4/c1-3-15-11(13)9-7-5-6-8-10(9)12(14)16-4-2/h5-8H,3-4H2,1-2H3"	N/A	3	Negative	MONA	221.082	UPDATE-SINGLE-ANNOTATED-BRONZE	Bronze		C12H14O4	FLKPEMZONWLCSK-UHFFFAOYSA-N	FLKPEMZONWLCSK	Benzenoids	Benzene and substituted derivatives	Benzoic acids and derivatives	Phenolic acids (C6-C1)	Shikimic acids and derivatives|Simple phenolic acids	Shikimates and Phenylpropanoids	mzspec:GNPS:GNPS-LIBRARY:CCMSLIB00000568739
CCMSLIB00003138589	10593	spectra_filtered.mgf	GNPS-NIST14-MATCHES.mgf	0.900374	1406250.0	0	0.12761	6	6.10352E-05	478.294	-1	temp/spectra_filtered.mgf10593	10593	1	Spectral Match to 1-(9Z-Octadecenoyl)-sn-glycero-3-phosphoethanolamine from NIST14	ESI	HCD	Isolated	Data from Pieter Dorrestein	Data deposited by daniel	M-H	478.294	0.0	1	89576294	N/A	N/A	N/A	N/A	3	Negative	GNPS-NIST14-MATCHES	478.294	UPDATE-SINGLE-ANNOTATED-BRONZE	Bronze		N/A	N/A	N/A	N/A	N/A	N/A	N/A	N/A	N/A	mzspec:GNPS:GNPS-LIBRARY:CCMSLIB00003138589
CCMSLIB00003138589	18860	spectra_filtered.mgf	GNPS-NIST14-MATCHES.mgf	0.899041	1270880.0	0	0.25522	5	0.00012207	478.294	-1	temp/spectra_filtered.mgf18860	18860	1	Spectral Match to 1-(9Z-Octadecenoyl)-sn-glycero-3-phosphoethanolamine from NIST14	ESI	HCD	Isolated	Data from Pieter Dorrestein	Data deposited by daniel	M-H	478.294	0.0	1	89576294	N/A	N/A	N/A	N/A	3	Negative	GNPS-NIST14-MATCHES	478.294	UPDATE-SINGLE-ANNOTATED-BRONZE	Bronze		N/A	N/A	N/A	N/A	N/A	N/A	N/A	N/A	N/A	mzspec:GNPS:GNPS-LIBRARY:CCMSLIB00003138589
CCMSLIB00004708020	41642	spectra_filtered.mgf	MONA.mgf	0.893931	850479.0	0	1.16866	5	0.000305176	261.134	-1	temp/spectra_filtered.mgf41642	41642	1	"9-(2,3-dihydroxypropoxy)-9-oxononanoic acid"	N/A	ESI-QFT	isolated	MoNA	MoNA:VF-NPL-QEHF016957	[M-H]-	261.134	0.0	1	N/A	N/A	O=C(O)CCCCCCCC(=O)OCC(O)CO	"InChI=1S/C12H22O6/c13-8-10(14)9-18-12(17)7-5-3-1-2-4-6-11(15)16/h10,13-14H,1-9H2,(H,15,16)"	N/A	3	negative	MONA	261.134	UPDATE-SINGLE-ANNOTATED-BRONZE	Bronze		C12H22O6	BQRISQXLSXCXSC-UHFFFAOYSA-N	BQRISQXLSXCXSC	Lipids and lipid-like molecules	Fatty Acyls	Fatty acids and conjugates	Fatty Acids and Conjugates	Hydroxy fatty acids	Fatty acids	mzspec:GNPS:GNPS-LIBRARY:CCMSLIB00004708020
CCMSLIB00012341983	54808	spectra_filtered.mgf	MSNLIB-NEGATIVE.mgf	0.893818	2356370.0	0	0.0	9	0.0	563.141	-1	temp/spectra_filtered.mgf54808	54808	1	Isoschaftoside	ESI	Orbitrap	Crude	Tomas Pluskal	Corinna Brungs	[M-H]-	563.141	564.148	1	N/A	N/A	O=c1cc(-c2ccc(O)cc2)oc2c([C@@H]3O[C@H](CO)[C@@H](O)[C@H](O)[C@H]3O)c(O)c([C@@H]3OC[C@H](O)[C@H](O)[C@H]3O)c(O)c12	"InChI=1S/C26H28O14/c27-6-13-18(32)21(35)23(37)26(40-13)16-20(34)15(25-22(36)17(31)11(30)7-38-25)19(33)14-10(29)5-12(39-24(14)16)8-1-3-9(28)4-2-8/h1-5,11,13,17-18,21-23,25-28,30-37H,6-7H2/t11-,13+,17-,18+,21-,22+,23+,25-,26-/m0/s1"	OVMFOVNOXASTPA-VYUBKLCTSA-N	1	Negative	MSNLIB-NEGATIVE	563.141	UPDATE-SINGLE-ANNOTATED-GOLD	Gold		C26H28O14	OVMFOVNOXASTPA-VYUBKLCTSA-N	OVMFOVNOXASTPA	Phenylpropanoids and polyketides	Flavonoids	Flavonoid glycosides	Flavonoids	Flavones	Shikimates and Phenylpropanoids	mzspec:GNPS:GNPS-LIBRARY:CCMSLIB00012341983
CCMSLIB00005746967	7981	spectra_filtered.mgf	MASSBANK.mgf	0.892986	12289900.0	0	7.1374	8	0.00234985	329.233	-1	temp/spectra_filtered.mgf7981	7981	1	Massbank:PR309108 FA 18:1+3O	ESI	qTof	Isolated	Massbank	Massbank	M-H	329.231	0.0	1	N/A	N/A	O=C(O)CCCCCCCC(O)C=CC(O)C(O)CCCCC	"1S/C18H34O5/c1-2-3-7-11-16(20)17(21)14-13-15(19)10-8-5-4-6-9-12-18(22)23/h13-17,19-21H,2-12H2,1H3,(H,22,23)"	N/A	3	Negative	MASSBANK	329.231	UPDATE-SINGLE-ANNOTATED-BRONZE	Bronze		C18H34O5	MDIUMSLCYIJBQC-UHFFFAOYSA-N	MDIUMSLCYIJBQC	Lipids and lipid-like molecules	Fatty Acyls	Fatty acids and conjugates	Octadecanoids	Other Octadecanoids	Fatty acids	mzspec:GNPS:GNPS-LIBRARY:CCMSLIB00005746967
CCMSLIB00010059351	19939	spectra_filtered.mgf	PNNL-LIPIDS-NEGATIVE.mgf	0.891245	1362270.0	0	1.62666	5	0.000732422	450.263	-1	temp/spectra_filtered.mgf19939	19939	1	PE(16:1/0:0); [M-H]- C21H41N1O7P1	LC-ESI	HCD; Lumos	Commercial	Thomas Metz	Thomas Metz	M-H	450.262	0.0	1	N/A	N/A	N/A	N/A	N/A	1	Negative	PNNL-LIPIDS-NEGATIVE	450.262	UPDATE-SINGLE-ANNOTATED-GOLD	Gold		N/A	N/A	N/A	N/A	N/A	N/A	N/A	N/A	N/A	mzspec:GNPS:GNPS-LIBRARY:CCMSLIB00010059351
CCMSLIB00005746967	12628	spectra_filtered.mgf	MASSBANK.mgf	0.888039	46385500.0	0	7.04471	8	0.00231934	329.233	-1	temp/spectra_filtered.mgf12628	12628	1	Massbank:PR309108 FA 18:1+3O	ESI	qTof	Isolated	Massbank	Massbank	M-H	329.231	0.0	1	N/A	N/A	O=C(O)CCCCCCCC(O)C=CC(O)C(O)CCCCC	"1S/C18H34O5/c1-2-3-7-11-16(20)17(21)14-13-15(19)10-8-5-4-6-9-12-18(22)23/h13-17,19-21H,2-12H2,1H3,(H,22,23)"	N/A	3	Negative	MASSBANK	329.231	UPDATE-SINGLE-ANNOTATED-BRONZE	Bronze		C18H34O5	MDIUMSLCYIJBQC-UHFFFAOYSA-N	MDIUMSLCYIJBQC	Lipids and lipid-like molecules	Fatty Acyls	Fatty acids and conjugates	Octadecanoids	Other Octadecanoids	Fatty acids	mzspec:GNPS:GNPS-LIBRARY:CCMSLIB00005746967
CCMSLIB00013639301	57092	spectra_filtered.mgf	WINE-DB-ORBITRAP.mgf	0.887636	1340250.0	0	3.8764	6	0.000701904	181.072	-1	temp/spectra_filtered.mgf57092	57092	1	Sorbitol	ESI	Orbitrap	Commercial	Axel_Marchal	TE_MLS	M+H	181.071	182.17	1	50-70-4	N/A	[C@H]([C@@H]([C@@H](CO)O)O)([C@H](CO)O)O	"InChI=1S/C6H14O6/c7-1-3(9)5(11)6(12)4(10)2-8/h3-12H,1-2H2/t3-,4+,5-,6-/m1/s1"	N/A	1	Negative	WINE-DB-ORBITRAP	181.071	UPDATE-SINGLE-ANNOTATED-GOLD	Gold		C6H14O6	FBPFZTCFMRRESA-JGWLITMVSA-N	FBPFZTCFMRRESA	Organic oxygen compounds	Organooxygen compounds	Carbohydrates and carbohydrate conjugates	Saccharides	Monosaccharides	Carbohydrates	mzspec:GNPS:GNPS-LIBRARY:CCMSLIB00013639301
CCMSLIB00010059392	19745	spectra_filtered.mgf	PNNL-LIPIDS-NEGATIVE.mgf	0.887221	2813260.0	0	1.06381	6	0.000732422	688.493	-1	temp/spectra_filtered.mgf19745	19745	1	PE(16:0/16:1); [M-H]- C37H71N1O8P1	LC-ESI	HCD; Lumos	Commercial	Thomas Metz	Thomas Metz	M-H	688.492	0.0	1	N/A	N/A	N/A	N/A	N/A	1	Negative	PNNL-LIPIDS-NEGATIVE	688.492	UPDATE-SINGLE-ANNOTATED-GOLD	Gold		N/A	N/A	N/A	N/A	N/A	N/A	N/A	N/A	N/A	mzspec:GNPS:GNPS-LIBRARY:CCMSLIB00010059392
CCMSLIB00012326912	60511	spectra_filtered.mgf	MSNLIB-NEGATIVE.mgf	0.887071	315614.0	0	0.0	5	0.0	195.051	-1	temp/spectra_filtered.mgf60511	60511	1	gluconic acid	ESI	Orbitrap	Crude	Tomas Pluskal	Corinna Brungs	[M-H]-	195.051	196.058	1	N/A	N/A	O=C(O)[C@H](O)[C@@H](O)[C@H](O)[C@H](O)CO	"InChI=1S/C6H12O7/c7-1-2(8)3(9)4(10)5(11)6(12)13/h2-5,7-11H,1H2,(H,12,13)/t2-,3-,4+,5-/m1/s1"	RGHNJXZEOKUKBD-SQOUGZDYSA-N	1	Negative	MSNLIB-NEGATIVE	195.051	UPDATE-SINGLE-ANNOTATED-GOLD	Gold		C6H12O7	RGHNJXZEOKUKBD-SQOUGZDYSA-N	RGHNJXZEOKUKBD	Organic oxygen compounds	Organooxygen compounds	Carbohydrates and carbohydrate conjugates	Saccharides	Monosaccharides	Carbohydrates	mzspec:GNPS:GNPS-LIBRARY:CCMSLIB00012326912
CCMSLIB00010125120	62322	spectra_filtered.mgf	BERKELEY-LAB.mgf	0.885739	246481.0	0	0.726461	5	0.000106812	147.03	-1	temp/spectra_filtered.mgf62322	62322	1	Citramalic acid CollisionEnergy:205060	LC-ESI	Orbitrap	Commercial	Trent Northen	JGI	M-H	147.03	0.0	1	N/A	N/A	CC(O)(CC(=O)O)C(=O)O	"""InChI=1S/C5H8O5/c1-5(10,4(8)9)2-3(6)7/h10H,2H2,1H3,(H,6,7)(H,8,9)"""	N/A	3	Negative	BERKELEY-LAB	147.03	UPDATE-SINGLE-ANNOTATED-BRONZE	Bronze		C5H8O5	XFTRTWQBIOMVPK-UHFFFAOYSA-N	XFTRTWQBIOMVPK	Lipids and lipid-like molecules	Fatty Acyls	Fatty acids and conjugates	Fatty Acids and Conjugates	Hydroxy fatty acids	Fatty acids	mzspec:GNPS:GNPS-LIBRARY:CCMSLIB00010125120
CCMSLIB00005464332	63391	spectra_filtered.mgf	GNPS-MSMLS.mgf	0.88474	458716.0	0	1.65998	7	0.000320435	193.035	-1	temp/spectra_filtered.mgf63391	63391	1	GLUCURONATE	ESI	Orbitrap	Commercial	Dorrestein	Kelly Weldon	M-H	193.035	194.043	-1	207300-70-7	N/A	O[C@H]1O[C@@H]([C@@H](O)[C@H](O)[C@H]1O)C(O)=O	"""InChI=1S/C6H10O7/c7-1-2(8)4(5(10)11)13-6(12)3(1)9/h1-4,6-9,12H,(H,10,11)/t1-,2-,3+,4-,6-/m0/s1"""	N/A	1	Negative	GNPS-MSMLS	193.035	UPDATE-SINGLE-ANNOTATED-GOLD	Gold		C6H10O7	AEMOLEFTQBMNLQ-WAXACMCWSA-N	AEMOLEFTQBMNLQ	Organic oxygen compounds	Organooxygen compounds	Carbohydrates and carbohydrate conjugates	Saccharides	Monosaccharides	Carbohydrates	mzspec:GNPS:GNPS-LIBRARY:CCMSLIB00005464332
CCMSLIB00010059392	16722	spectra_filtered.mgf	PNNL-LIPIDS-NEGATIVE.mgf	0.882105	1733850.0	0	1.06381	6	0.000732422	688.493	-1	temp/spectra_filtered.mgf16722	16722	1	PE(16:0/16:1); [M-H]- C37H71N1O8P1	LC-ESI	HCD; Lumos	Commercial	Thomas Metz	Thomas Metz	M-H	688.492	0.0	1	N/A	N/A	N/A	N/A	N/A	1	Negative	PNNL-LIPIDS-NEGATIVE	688.492	UPDATE-SINGLE-ANNOTATED-GOLD	Gold		N/A	N/A	N/A	N/A	N/A	N/A	N/A	N/A	N/A	mzspec:GNPS:GNPS-LIBRARY:CCMSLIB00010059392
CCMSLIB00010102519	42512	spectra_filtered.mgf	BERKELEY-LAB.mgf	0.88105	4492200.0	0	2.09408	5	0.000320435	153.019	-1	temp/spectra_filtered.mgf42512	42512	1	"""2,5-DIHYDROXYBENZOIC ACID CollisionEnergy:102040"""	LC-ESI	Orbitrap	Commercial	Trent Northen	JGI	M-H	153.019	0.0	1	N/A	N/A	O=C(O)c1cc(O)ccc1O	"""InChI=1S/C7H6O4/c8-4-1-2-6(9)5(3-4)7(10)11/h1-3,8-9H,(H,10,11)"""	N/A	3	Negative	BERKELEY-LAB	153.019	UPDATE-SINGLE-ANNOTATED-BRONZE	Bronze		C7H6O4	WXTMDXOMEHJXQO-UHFFFAOYSA-N	WXTMDXOMEHJXQO	Benzenoids	Benzene and substituted derivatives	Benzoic acids and derivatives	Phenolic acids (C6-C1)	Simple phenolic acids	Shikimates and Phenylpropanoids	mzspec:GNPS:GNPS-LIBRARY:CCMSLIB00010102519
CCMSLIB00005746967	18008	spectra_filtered.mgf	MASSBANK.mgf	0.881027	42676400.0	0	7.04471	7	0.00231934	329.233	-1	temp/spectra_filtered.mgf18008	18008	1	Massbank:PR309108 FA 18:1+3O	ESI	qTof	Isolated	Massbank	Massbank	M-H	329.231	0.0	1	N/A	N/A	O=C(O)CCCCCCCC(O)C=CC(O)C(O)CCCCC	"1S/C18H34O5/c1-2-3-7-11-16(20)17(21)14-13-15(19)10-8-5-4-6-9-12-18(22)23/h13-17,19-21H,2-12H2,1H3,(H,22,23)"	N/A	3	Negative	MASSBANK	329.231	UPDATE-SINGLE-ANNOTATED-BRONZE	Bronze		C18H34O5	MDIUMSLCYIJBQC-UHFFFAOYSA-N	MDIUMSLCYIJBQC	Lipids and lipid-like molecules	Fatty Acyls	Fatty acids and conjugates	Octadecanoids	Other Octadecanoids	Fatty acids	mzspec:GNPS:GNPS-LIBRARY:CCMSLIB00005746967
CCMSLIB00012352106	52929	spectra_filtered.mgf	MSNLIB-NEGATIVE.mgf	0.880297	892705.0	0	73.0057	5	0.0150452	206.067	-1	temp/spectra_filtered.mgf52929	52929	1	N-Acetyl-L-phenylalanine	ESI	Orbitrap	Crude	Tomas Pluskal	Corinna Brungs	[M-H]-	206.082	207.09	1	N/A	N/A	CC(=O)N[C@@H](Cc1ccccc1)C(=O)O	"InChI=1S/C11H13NO3/c1-8(13)12-10(11(14)15)7-9-5-3-2-4-6-9/h2-6,10H,7H2,1H3,(H,12,13)(H,14,15)/t10-/m0/s1"	CBQJSKKFNMDLON-JTQLQIEISA-N	1	Negative	MSNLIB-NEGATIVE	206.082	UPDATE-SINGLE-ANNOTATED-GOLD	Gold		C11H13NO3	CBQJSKKFNMDLON-JTQLQIEISA-N	CBQJSKKFNMDLON	Organic acids and derivatives	Carboxylic acids and derivatives	"Amino acids, peptides, and analogues"	Small peptides	Dipeptides	Amino acids and Peptides	mzspec:GNPS:GNPS-LIBRARY:CCMSLIB00012352106
CCMSLIB00006125588	49639	spectra_filtered.mgf	BIRMINGHAM-UHPLC-MS-NEG.mgf	0.873078	1016560.0	0	1.82262	5	0.000289917	159.066	-1	temp/spectra_filtered.mgf49639	49639	1	"3,3-Dimethylglutaric acid - 40.0 eV"	ESI	Orbitrap	Isolated	PI	Data Collector	M-H	159.066	0.0	1		N/A	CC(C)(CC(=O)O)CC(=O)O	"InChI=1S/C7H12O4/c1-7(2,3-5(8)9)4-6(10)11/h3-4H2,1-2H3,(H,8,9)(H,10,11)"	N/A	1	Negative	BIRMINGHAM-UHPLC-MS-NEG	159.066	UPDATE-SINGLE-ANNOTATED-GOLD	Gold		C7H12O4	DUHQIGLHYXLKAE-UHFFFAOYSA-N	DUHQIGLHYXLKAE	Lipids and lipid-like molecules	Fatty Acyls	Fatty acids and conjugates	Fatty Acids and Conjugates	Dicarboxylic acids	Fatty acids	mzspec:GNPS:GNPS-LIBRARY:CCMSLIB00006125588
CCMSLIB00003138590	59761	spectra_filtered.mgf	GNPS-NIST14-MATCHES.mgf	0.870482	198864.0	0	3.78795	5	0.000564575	149.046	-1	temp/spectra_filtered.mgf59761	59761	1	Spectral Match to D-Lyxose from NIST14	ESI	QQQ	Isolated	Data from Kevin Bush	Data deposited by fevargas	M-H	149.045	150.053	1	1114347	N/A	C1[C@H]([C@@H]([C@@H](C(O1)O)O)O)O	"InChI=1S/C5H10O5/c6-2-1-10-5(9)4(8)3(2)7/h2-9H,1H2/t2-,3+,4+,5?/m1/s1"	N/A	3	Negative	GNPS-NIST14-MATCHES	149.045	UPDATE-SINGLE-ANNOTATED-BRONZE	Bronze		C5H10O5	SRBFZHDQGSBBOR-AGQMPKSLSA-N	SRBFZHDQGSBBOR	Organic oxygen compounds	Organooxygen compounds	Carbohydrates and carbohydrate conjugates	Saccharides	Monosaccharides	Carbohydrates	mzspec:GNPS:GNPS-LIBRARY:CCMSLIB00003138590
CCMSLIB00003138589	21557	spectra_filtered.mgf	GNPS-NIST14-MATCHES.mgf	0.86821	692487.0	0	0.191415	5	9.15527E-05	478.294	-1	temp/spectra_filtered.mgf21557	21557	1	Spectral Match to 1-(9Z-Octadecenoyl)-sn-glycero-3-phosphoethanolamine from NIST14	ESI	HCD	Isolated	Data from Pieter Dorrestein	Data deposited by daniel	M-H	478.294	0.0	1	89576294	N/A	N/A	N/A	N/A	3	Negative	GNPS-NIST14-MATCHES	478.294	UPDATE-SINGLE-ANNOTATED-BRONZE	Bronze		N/A	N/A	N/A	N/A	N/A	N/A	N/A	N/A	N/A	mzspec:GNPS:GNPS-LIBRARY:CCMSLIB00003138589
CCMSLIB00005746967	27946	spectra_filtered.mgf	MASSBANK.mgf	0.868063	92612800.0	0	6.67393	7	0.00219727	329.233	-1	temp/spectra_filtered.mgf27946	27946	1	Massbank:PR309108 FA 18:1+3O	ESI	qTof	Isolated	Massbank	Massbank	M-H	329.231	0.0	1	N/A	N/A	O=C(O)CCCCCCCC(O)C=CC(O)C(O)CCCCC	"1S/C18H34O5/c1-2-3-7-11-16(20)17(21)14-13-15(19)10-8-5-4-6-9-12-18(22)23/h13-17,19-21H,2-12H2,1H3,(H,22,23)"	N/A	3	Negative	MASSBANK	329.231	UPDATE-SINGLE-ANNOTATED-BRONZE	Bronze		C18H34O5	MDIUMSLCYIJBQC-UHFFFAOYSA-N	MDIUMSLCYIJBQC	Lipids and lipid-like molecules	Fatty Acyls	Fatty acids and conjugates	Octadecanoids	Other Octadecanoids	Fatty acids	mzspec:GNPS:GNPS-LIBRARY:CCMSLIB00005746967
CCMSLIB00005788087	7616	spectra_filtered.mgf	GNPS-LIBRARY.mgf	0.866307	1797000.0	0	0.295607	11	0.000183105	619.422	-1	temp/spectra_filtered.mgf7616	7616	1	Bafilomycin J putative	LC-ESI	Orbitrap	Crude	Tahlan	 	M-H	619.422	0.0	1	 	 	CC1CC(=CC=CC(C(OC(=O)C(=CC(=CC(C1O)C)C)C)C(C)C(C(C)C2(CC(C(C(O2)C(C)C)C)OC)O)O)OC)C	"InChI=1S/C36H60O8/c1-20(2)33-26(8)30(42-12)19-36(40,44-33)28(10)32(38)27(9)34-29(41-11)15-13-14-21(3)16-23(5)31(37)24(6)17-22(4)18-25(7)35(39)43-34/h13-15,17-18,20,23-24,26-34,37-38,40H,16,19H2,1-12H3"	 	3	Negative	GNPS-LIBRARY	619.422	UPDATE-SINGLE-ANNOTATED-BRONZE	Bronze		C36H60O8	PHNJREQYDLKYEB-UHFFFAOYSA-N	PHNJREQYDLKYEB	N/A	N/A	N/A	Macrolides	Bafilomycins	Polyketides	mzspec:GNPS:GNPS-LIBRARY:CCMSLIB00005788087
CCMSLIB00005745050	60750	spectra_filtered.mgf	MASSBANK.mgf	0.864888	1366370.0	0	3.89245	5	0.00112915	290.088	-1	temp/spectra_filtered.mgf60750	60750	1	Massbank:PR309144 N-Fructosyl pyroglutamate	ESI	qTof	Isolated	Massbank	Massbank	M-H	290.087	0.0	1	N/A	N/A	O=C(O)C1N(C(=O)CC1)CC2(O)(OC(CO)C(O)C2(O))	"1S/C11H17NO8/c13-3-6-8(15)9(16)11(19,20-6)4-12-5(10(17)18)1-2-7(12)14/h5-6,8-9,13,15-16,19H,1-4H2,(H,17,18)"	N/A	3	Negative	MASSBANK	290.087	UPDATE-SINGLE-ANNOTATED-BRONZE	Bronze		C11H17NO8	VMOJEEZNLOLYBG-UHFFFAOYSA-N	VMOJEEZNLOLYBG	Organic acids and derivatives	Carboxylic acids and derivatives	"Amino acids, peptides, and analogues"				mzspec:GNPS:GNPS-LIBRARY:CCMSLIB00005745050
CCMSLIB00012333999	60311	spectra_filtered.mgf	MSNLIB-NEGATIVE.mgf	0.863312	337111.0	0	1.65998	6	0.000320435	193.035	-1	temp/spectra_filtered.mgf60311	60311	1	D-GlcA	ESI	Orbitrap	Crude	Tomas Pluskal	Corinna Brungs	[M-H]-	193.035	194.043	1	N/A	N/A	O=C(O)[C@H]1OC(O)[C@H](O)[C@@H](O)[C@@H]1O	"InChI=1S/C6H10O7/c7-1-2(8)4(5(10)11)13-6(12)3(1)9/h1-4,6-9,12H,(H,10,11)/t1-,2-,3+,4-,6?/m0/s1"	AEMOLEFTQBMNLQ-AQKNRBDQSA-N	1	Negative	MSNLIB-NEGATIVE	193.035	UPDATE-SINGLE-ANNOTATED-GOLD	Gold		C6H10O7	AEMOLEFTQBMNLQ-AQKNRBDQSA-N	AEMOLEFTQBMNLQ	Organic oxygen compounds	Organooxygen compounds	Carbohydrates and carbohydrate conjugates	Saccharides	Monosaccharides	Carbohydrates	mzspec:GNPS:GNPS-LIBRARY:CCMSLIB00012333999
CCMSLIB00005746967	22466	spectra_filtered.mgf	MASSBANK.mgf	0.862475	42719700.0	0	6.95201	7	0.00228882	329.233	-1	temp/spectra_filtered.mgf22466	22466	1	Massbank:PR309108 FA 18:1+3O	ESI	qTof	Isolated	Massbank	Massbank	M-H	329.231	0.0	1	N/A	N/A	O=C(O)CCCCCCCC(O)C=CC(O)C(O)CCCCC	"1S/C18H34O5/c1-2-3-7-11-16(20)17(21)14-13-15(19)10-8-5-4-6-9-12-18(22)23/h13-17,19-21H,2-12H2,1H3,(H,22,23)"	N/A	3	Negative	MASSBANK	329.231	UPDATE-SINGLE-ANNOTATED-BRONZE	Bronze		C18H34O5	MDIUMSLCYIJBQC-UHFFFAOYSA-N	MDIUMSLCYIJBQC	Lipids and lipid-like molecules	Fatty Acyls	Fatty acids and conjugates	Octadecanoids	Other Octadecanoids	Fatty acids	mzspec:GNPS:GNPS-LIBRARY:CCMSLIB00005746967
CCMSLIB00006678680	51577	spectra_filtered.mgf	MONA.mgf	0.862129	526541.0	0	1.53915	5	0.000335693	218.103	-1	temp/spectra_filtered.mgf51577	51577	1	PANTOTHENIC ACID	ESI	Orbitrap	isolated	MoNA	MoNA:MoNA038273	M-H	218.103	0.0	1	N/A	N/A	CC(C)(CO)[C@H](/C(=N/CCC(=O)O)/O)O	"""InChI=1S/C9H17NO5/c1-9(2,5-11)7(14)8(15)10-4-3-6(12)13/h7,11,14H,3-5H2,1-2H3,(H,10,15)(H,12,13)/t7-/m0/s1"""	N/A	3	negative	MONA	218.103	UPDATE-SINGLE-ANNOTATED-BRONZE	Bronze		C9H17NO5	GHOKWGTUZJEAQD-ZETCQYMHSA-N	GHOKWGTUZJEAQD	Organic oxygen compounds	Organooxygen compounds	Alcohols and polyols	Fatty Acids and Conjugates	Branched fatty acids	Fatty acids	mzspec:GNPS:GNPS-LIBRARY:CCMSLIB00006678680
CCMSLIB00010059392	13888	spectra_filtered.mgf	PNNL-LIPIDS-NEGATIVE.mgf	0.85961	2423290.0	0	1.15246	7	0.000793457	688.493	-1	temp/spectra_filtered.mgf13888	13888	1	PE(16:0/16:1); [M-H]- C37H71N1O8P1	LC-ESI	HCD; Lumos	Commercial	Thomas Metz	Thomas Metz	M-H	688.492	0.0	1	N/A	N/A	N/A	N/A	N/A	1	Negative	PNNL-LIPIDS-NEGATIVE	688.492	UPDATE-SINGLE-ANNOTATED-GOLD	Gold		N/A	N/A	N/A	N/A	N/A	N/A	N/A	N/A	N/A	mzspec:GNPS:GNPS-LIBRARY:CCMSLIB00010059392
CCMSLIB00010059392	7178	spectra_filtered.mgf	PNNL-LIPIDS-NEGATIVE.mgf	0.858842	4177170.0	0	1.24111	8	0.000854492	688.493	-1	temp/spectra_filtered.mgf7178	7178	1	PE(16:0/16:1); [M-H]- C37H71N1O8P1	LC-ESI	HCD; Lumos	Commercial	Thomas Metz	Thomas Metz	M-H	688.492	0.0	1	N/A	N/A	N/A	N/A	N/A	1	Negative	PNNL-LIPIDS-NEGATIVE	688.492	UPDATE-SINGLE-ANNOTATED-GOLD	Gold		N/A	N/A	N/A	N/A	N/A	N/A	N/A	N/A	N/A	mzspec:GNPS:GNPS-LIBRARY:CCMSLIB00010059392
CCMSLIB00012428476	27623	spectra_filtered.mgf	MSNLIB-NEGATIVE.mgf	0.856677	752821.0	0	2.14328	8	0.000915527	427.162	-1	temp/spectra_filtered.mgf27623	27623	1	CHEBI:167770	ESI	Orbitrap	Isolated	Tomas Pluskal	Corinna Brungs	[M-H]-	427.161	428.168	1	N/A	N/A	CC(O)(CC(=O)O)CC(=O)O[C@@H]1[C@@H](O)[C@H](OCCc2ccccc2)O[C@H](CO)[C@H]1O	"InChI=1S/C20H28O10/c1-20(27,9-14(22)23)10-15(24)30-18-16(25)13(11-21)29-19(17(18)26)28-8-7-12-5-3-2-4-6-12/h2-6,13,16-19,21,25-27H,7-11H2,1H3,(H,22,23)/t13-,16-,17-,18+,19-,20?/m1/s1"	WGMNBGJQXOIVGA-HJVQXQJGSA-N	1	Negative	MSNLIB-NEGATIVE	427.161	UPDATE-SINGLE-ANNOTATED-GOLD	Gold		C20H28O10	WGMNBGJQXOIVGA-HJVQXQJGSA-N	WGMNBGJQXOIVGA	N/A	N/A	N/A				mzspec:GNPS:GNPS-LIBRARY:CCMSLIB00012428476
CCMSLIB00004702140	28389	spectra_filtered.mgf	MONA.mgf	0.856206	226003.0	0	1.5304	6	0.000457764	299.114	-1	temp/spectra_filtered.mgf28389	28389	1	Salidroside	N/A	ESI-QFT	isolated	MoNA	MoNA:VF-NPL-QEHF011077	[M-H]-	299.114	0.0	1	N/A	N/A	OC[C@H]1O[C@@H](OCCc2ccc(O)cc2)[C@H](O)[C@@H](O)[C@@H]1O	"InChI=1S/C14H20O7/c15-7-10-11(17)12(18)13(19)14(21-10)20-6-5-8-1-3-9(16)4-2-8/h1-4,10-19H,5-7H2/t10-,11-,12+,13-,14-/m1/s1"	N/A	3	negative	MONA	299.114	UPDATE-SINGLE-ANNOTATED-BRONZE	Bronze		C14H20O7	ILRCGYURZSFMEG-RKQHYHRCSA-N	ILRCGYURZSFMEG	Organic oxygen compounds	Organooxygen compounds	Carbohydrates and carbohydrate conjugates	Phenylethanoids (C6-C2)	Phenylethanoids	Shikimates and Phenylpropanoids	mzspec:GNPS:GNPS-LIBRARY:CCMSLIB00004702140
CCMSLIB00005737042	27546	spectra_filtered.mgf	MASSBANK.mgf	0.855638	1725190.0	0	4.58092	10	0.0032959	719.487	-1	temp/spectra_filtered.mgf27546	27546	1	Massbank:LQB00238 PG 32:1	ESI	qTof	Isolated	Massbank	Massbank	M-H	719.484	0.0	1	N/A	N/A	CCCCCCCCCCCCCCCC(=O)OCC(COP(O)(=O)OCC(O)CO)OC(=O)CCCCCCC\C=C/CCCCCC	"1S/C38H73O10P/c1-3-5-7-9-11-13-15-17-19-21-23-25-27-29-37(41)45-33-36(34-47-49(43,44)46-32-35(40)31-39)48-38(42)30-28-26-24-22-20-18-16-14-12-10-8-6-4-2/h14,16,35-36,39-40H,3-13,15,17-34H2,1-2H3,(H,43,44)/b16-14-"	N/A	3	Negative	MASSBANK	719.484	UPDATE-SINGLE-ANNOTATED-BRONZE	Bronze		C38H73O10P	NOFOTAHTYLXZNV-PEZBUJJGSA-N	NOFOTAHTYLXZNV	Lipids and lipid-like molecules	Glycerophospholipids	Glycerophosphoglycerols	Glycerophospholipids	Glycerophosphoglycerols	Fatty acids	mzspec:GNPS:GNPS-LIBRARY:CCMSLIB00005737042
CCMSLIB00005736811	6798	spectra_filtered.mgf	MASSBANK.mgf	0.855423	2549610.0	0	0.256268	7	0.000183105	714.508	-1	temp/spectra_filtered.mgf6798	6798	1	Massbank:LQB00185 PE 34:2	ESI	qTof	Isolated	Massbank	Massbank	M-H	714.508	0.0	1	N/A	N/A	CCCCCCCC\C=C/CCCCCCCC(=O)OC(COC(=O)CCCCCCC\C=C/CCCCCC)COP(O)(=O)OCCN	"1S/C39H74NO8P/c1-3-5-7-9-11-13-15-17-18-20-22-24-26-28-30-32-39(42)48-37(36-47-49(43,44)46-34-33-40)35-45-38(41)31-29-27-25-23-21-19-16-14-12-10-8-6-4-2/h14,16-18,37H,3-13,15,19-36,40H2,1-2H3,(H,43,44)/b16-14-,18-17-"	N/A	3	Negative	MASSBANK	714.508	UPDATE-SINGLE-ANNOTATED-BRONZE	Bronze		C39H74NO8P	RAMNOXDFBNFSFC-LJSPAGPLSA-N	RAMNOXDFBNFSFC	Lipids and lipid-like molecules	Glycerophospholipids	Glycerophosphoethanolamines	Glycerophospholipids	Glycerophosphoethanolamines	Fatty acids	mzspec:GNPS:GNPS-LIBRARY:CCMSLIB00005736811
CCMSLIB00016035657	60477	spectra_filtered.mgf	GNPS-LIBRARY.mgf	0.854374	1656430.0	0	12.3282	7	0.00842285	683.225	-1	temp/spectra_filtered.mgf60477	60477	1	Dereplicator Identification - Cellotetraose	LC-ESI	qTof	Lysate	Ta Ly	Ta Ly	M+H	683.217	682.217	1	 	 	OC[C@@H]1O[C@@H](O[C@@H]2[C@H](CO)O[C@@H](O[C@@H]3[C@H](CO)OC(O)(O)[C@H](O)[C@H]3O)[C@H](O)[C@H]2O)[C@H](O)[C@@H](O)[C@@H]1O[C@@H]1O[C@@H](CO)[C@H](O)[C@@H](O)[C@@H]1O	"InChI=1S/C24H42O22/c25-1-5-9(29)10(30)13(33)21(40-5)43-17-6(2-26)41-22(14(34)11(17)31)44-18-7(3-27)42-23(15(35)12(18)32)45-19-8(4-28)46-24(38,39)20(37)16(19)36/h5-23,25-39H,1-4H2/t5-,6-,7-,8-,9-,10+,11+,12+,13-,14+,15+,16-,17+,18+,19+,20+,21-,22-,23-/m0/s1"	 	3	Positive	GNPS-LIBRARY	683.217	UPDATE-SINGLE-ANNOTATED-BRONZE	Bronze		C24H42O22	YQOYPGXRGJBUOY-FUTCZDBGSA-N	YQOYPGXRGJBUOY	N/A	N/A	N/A	Saccharides	Polysaccharides	Carbohydrates	mzspec:GNPS:GNPS-LIBRARY:CCMSLIB00016035657
CCMSLIB00010059392	10535	spectra_filtered.mgf	PNNL-LIPIDS-NEGATIVE.mgf	0.853549	1230560.0	0	1.24111	5	0.000854492	688.493	-1	temp/spectra_filtered.mgf10535	10535	1	PE(16:0/16:1); [M-H]- C37H71N1O8P1	LC-ESI	HCD; Lumos	Commercial	Thomas Metz	Thomas Metz	M-H	688.492	0.0	1	N/A	N/A	N/A	N/A	N/A	1	Negative	PNNL-LIPIDS-NEGATIVE	688.492	UPDATE-SINGLE-ANNOTATED-GOLD	Gold		N/A	N/A	N/A	N/A	N/A	N/A	N/A	N/A	N/A	mzspec:GNPS:GNPS-LIBRARY:CCMSLIB00010059392
CCMSLIB00004716454	2822	spectra_filtered.mgf	MONA.mgf	0.853128	2969670.0	0	25.7913	5	0.00616455	239.023	-1	temp/spectra_filtered.mgf2822	2822	1	Cystine	N/A	ESI-QFT	isolated	MoNA	MoNA:VF-NPL-QEHF025391	[M-H]-	239.017	0.0	1	N/A	N/A	NC(CSSCC(N)C(=O)O)C(=O)O	"InChI=1S/C6H12N2O4S2/c7-3(5(9)10)1-13-14-2-4(8)6(11)12/h3-4H,1-2,7-8H2,(H,9,10)(H,11,12)"	N/A	3	negative	MONA	239.017	UPDATE-SINGLE-ANNOTATED-BRONZE	Bronze		C6H12N2O4S2	LEVWYRKDKASIDU-UHFFFAOYSA-N	LEVWYRKDKASIDU	Organic acids and derivatives	Carboxylic acids and derivatives	"Amino acids, peptides, and analogues"	Small peptides	Aminoacids	Amino acids and Peptides	mzspec:GNPS:GNPS-LIBRARY:CCMSLIB00004716454
CCMSLIB00010059444	6133	spectra_filtered.mgf	PNNL-LIPIDS-NEGATIVE.mgf	0.852948	1221350.0	0	1.06433	8	0.000793457	745.503	-1	temp/spectra_filtered.mgf6133	6133	1	PG(16:1/18:1); [M-H]- C40H74O10P1	LC-ESI	HCD; Lumos	Commercial	Thomas Metz	Thomas Metz	M-H	745.502	0.0	1	N/A	N/A	N/A	N/A	N/A	1	Negative	PNNL-LIPIDS-NEGATIVE	745.502	UPDATE-SINGLE-ANNOTATED-GOLD	Gold		N/A	N/A	N/A	N/A	N/A	N/A	N/A	N/A	N/A	mzspec:GNPS:GNPS-LIBRARY:CCMSLIB00010059444
CCMSLIB00010113493	62620	spectra_filtered.mgf	BERKELEY-LAB.mgf	0.850101	195582.0	0	2.93719	5	0.000473022	161.046	-1	temp/spectra_filtered.mgf62620	62620	1	MEGLUTOL CollisionEnergy:102040	LC-ESI	Orbitrap	Commercial	Trent Northen	JGI	M-H	161.046	0.0	1	N/A	N/A	CC(O)(CC(=O)O)CC(=O)O	"""InChI=1S/C6H10O5/c1-6(11,2-4(7)8)3-5(9)10/h11H,2-3H2,1H3,(H,7,8)(H,9,10)"""	N/A	3	Negative	BERKELEY-LAB	161.046	UPDATE-SINGLE-ANNOTATED-BRONZE	Bronze		C6H10O5	NPOAOTPXWNWTSH-UHFFFAOYSA-N	NPOAOTPXWNWTSH	Lipids and lipid-like molecules	Fatty Acyls	Fatty acids and conjugates	Fatty Acids and Conjugates	Dicarboxylic acids	Fatty acids	mzspec:GNPS:GNPS-LIBRARY:CCMSLIB00010113493
CCMSLIB00006679373	53012	spectra_filtered.mgf	MONA.mgf	0.849259	331730.0	0	1.53915	5	0.000335693	218.103	-1	temp/spectra_filtered.mgf53012	53012	1	PANTOTHENIC ACID	ESI	Orbitrap	isolated	MoNA	MoNA:MoNA037917	M-H	218.103	0.0	1	N/A	N/A	CC(C)(CO)[C@H](/C(=N/CCC(=O)O)/O)O	"""InChI=1S/C9H17NO5/c1-9(2,5-11)7(14)8(15)10-4-3-6(12)13/h7,11,14H,3-5H2,1-2H3,(H,10,15)(H,12,13)/t7-/m0/s1"""	N/A	3	negative	MONA	218.103	UPDATE-SINGLE-ANNOTATED-BRONZE	Bronze		C9H17NO5	GHOKWGTUZJEAQD-ZETCQYMHSA-N	GHOKWGTUZJEAQD	Organic oxygen compounds	Organooxygen compounds	Alcohols and polyols	Fatty Acids and Conjugates	Branched fatty acids	Fatty acids	mzspec:GNPS:GNPS-LIBRARY:CCMSLIB00006679373
CCMSLIB00003138590	58889	spectra_filtered.mgf	GNPS-NIST14-MATCHES.mgf	0.849033	311635.0	0	3.68557	5	0.000549316	149.046	-1	temp/spectra_filtered.mgf58889	58889	1	Spectral Match to D-Lyxose from NIST14	ESI	QQQ	Isolated	Data from Kevin Bush	Data deposited by fevargas	M-H	149.045	150.053	1	1114347	N/A	C1[C@H]([C@@H]([C@@H](C(O1)O)O)O)O	"InChI=1S/C5H10O5/c6-2-1-10-5(9)4(8)3(2)7/h2-9H,1H2/t2-,3+,4+,5?/m1/s1"	N/A	3	Negative	GNPS-NIST14-MATCHES	149.045	UPDATE-SINGLE-ANNOTATED-BRONZE	Bronze		C5H10O5	SRBFZHDQGSBBOR-AGQMPKSLSA-N	SRBFZHDQGSBBOR	Organic oxygen compounds	Organooxygen compounds	Carbohydrates and carbohydrate conjugates	Saccharides	Monosaccharides	Carbohydrates	mzspec:GNPS:GNPS-LIBRARY:CCMSLIB00003138590
CCMSLIB00004697307	35083	spectra_filtered.mgf	MONA.mgf	0.849003	1442910.0	0	1.16383	8	0.000427246	367.103	-1	temp/spectra_filtered.mgf35083	35083	1	3-O-Feruloylquinic acid	N/A	ESI-QFT	isolated	MoNA	MoNA:VF-NPL-QEHF006244	[M-H]-	367.103	0.0	1	N/A	N/A	COc1cc(/C=C/C(=O)O[C@@H]2C[C@](O)(C(=O)O)C[C@@H](O)[C@H]2O)ccc1O	"InChI=1S/C17H20O9/c1-25-12-6-9(2-4-10(12)18)3-5-14(20)26-13-8-17(24,16(22)23)7-11(19)15(13)21/h2-6,11,13,15,18-19,21,24H,7-8H2,1H3,(H,22,23)/b5-3+/t11-,13-,15-,17+/m1/s1"	N/A	3	negative	MONA	367.103	UPDATE-SINGLE-ANNOTATED-BRONZE	Bronze		C17H20O9	RAGZUCNPTLULOL-KJJWLSQTSA-N	RAGZUCNPTLULOL	Organic oxygen compounds	Organooxygen compounds	Alcohols and polyols	Phenylpropanoids (C6-C3)	Cinnamic acids and derivatives	Shikimates and Phenylpropanoids	mzspec:GNPS:GNPS-LIBRARY:CCMSLIB00004697307
CCMSLIB00004702140	31706	spectra_filtered.mgf	MONA.mgf	0.848685	351844.0	0	1.22432	7	0.000366211	299.114	-1	temp/spectra_filtered.mgf31706	31706	1	Salidroside	N/A	ESI-QFT	isolated	MoNA	MoNA:VF-NPL-QEHF011077	[M-H]-	299.114	0.0	1	N/A	N/A	OC[C@H]1O[C@@H](OCCc2ccc(O)cc2)[C@H](O)[C@@H](O)[C@@H]1O	"InChI=1S/C14H20O7/c15-7-10-11(17)12(18)13(19)14(21-10)20-6-5-8-1-3-9(16)4-2-8/h1-4,10-19H,5-7H2/t10-,11-,12+,13-,14-/m1/s1"	N/A	3	negative	MONA	299.114	UPDATE-SINGLE-ANNOTATED-BRONZE	Bronze		C14H20O7	ILRCGYURZSFMEG-RKQHYHRCSA-N	ILRCGYURZSFMEG	Organic oxygen compounds	Organooxygen compounds	Carbohydrates and carbohydrate conjugates	Phenylethanoids (C6-C2)	Phenylethanoids	Shikimates and Phenylpropanoids	mzspec:GNPS:GNPS-LIBRARY:CCMSLIB00004702140
CCMSLIB00010059215	19869	spectra_filtered.mgf	PNNL-LIPIDS-NEGATIVE.mgf	0.84692	1683330.0	0	0.978019	5	0.000671387	686.477	-1	temp/spectra_filtered.mgf19869	19869	1	PE(16:1/16:1); [M-H]- C37H69N1O8P1	LC-ESI	HCD; Lumos	Commercial	Thomas Metz	Thomas Metz	M-H	686.476	0.0	1	N/A	N/A	N/A	N/A	N/A	1	Negative	PNNL-LIPIDS-NEGATIVE	686.476	UPDATE-SINGLE-ANNOTATED-GOLD	Gold		N/A	N/A	N/A	N/A	N/A	N/A	N/A	N/A	N/A	mzspec:GNPS:GNPS-LIBRARY:CCMSLIB00010059215
CCMSLIB00003138590	57805	spectra_filtered.mgf	GNPS-NIST14-MATCHES.mgf	0.843192	536219.0	0	3.68557	5	0.000549316	149.046	-1	temp/spectra_filtered.mgf57805	57805	1	Spectral Match to D-Lyxose from NIST14	ESI	QQQ	Isolated	Data from Kevin Bush	Data deposited by fevargas	M-H	149.045	150.053	1	1114347	N/A	C1[C@H]([C@@H]([C@@H](C(O1)O)O)O)O	"InChI=1S/C5H10O5/c6-2-1-10-5(9)4(8)3(2)7/h2-9H,1H2/t2-,3+,4+,5?/m1/s1"	N/A	3	Negative	GNPS-NIST14-MATCHES	149.045	UPDATE-SINGLE-ANNOTATED-BRONZE	Bronze		C5H10O5	SRBFZHDQGSBBOR-AGQMPKSLSA-N	SRBFZHDQGSBBOR	Organic oxygen compounds	Organooxygen compounds	Carbohydrates and carbohydrate conjugates	Saccharides	Monosaccharides	Carbohydrates	mzspec:GNPS:GNPS-LIBRARY:CCMSLIB00003138590
CCMSLIB00012408842	19274	spectra_filtered.mgf	MSNLIB-NEGATIVE.mgf	0.84263	329642.0	0	0.966247	7	0.000488281	505.339	-1	temp/spectra_filtered.mgf19274	19274	1	"NCGC00384950-01!19-hydroxy-18-[3,4,5-trihydroxy-6-(hydroxymethyl)oxan-2-yl]oxyicosanoic acid"	ESI	Orbitrap	Isolated	Tomas Pluskal	Corinna Brungs	[M-H]-	505.338	506.345	1	N/A	N/A	CC(O)C(CCCCCCCCCCCCCCCCC(=O)O)OC1OC(CO)C(O)C(O)C1O	"InChI=1S/C26H50O9/c1-19(28)20(34-26-25(33)24(32)23(31)21(18-27)35-26)16-14-12-10-8-6-4-2-3-5-7-9-11-13-15-17-22(29)30/h19-21,23-28,31-33H,2-18H2,1H3,(H,29,30)"	GYUCMTKUEQLBJW-UHFFFAOYSA-N	1	Negative	MSNLIB-NEGATIVE	505.338	UPDATE-SINGLE-ANNOTATED-GOLD	Gold		C26H50O9	GYUCMTKUEQLBJW-UHFFFAOYSA-N	GYUCMTKUEQLBJW	N/A	N/A	N/A	Fatty acyl glycosides	Fatty acyl glycosides of mono- and disaccharides	Fatty acids	mzspec:GNPS:GNPS-LIBRARY:CCMSLIB00012408842
CCMSLIB00005740058	16461	spectra_filtered.mgf	MASSBANK.mgf	0.841949	2100670.0	0	4.76853	9	0.00146484	307.191	-1	temp/spectra_filtered.mgf16461	16461	1	Massbank:PR309076 FA 18:4+2O	ESI	qTof	Isolated	Massbank	Massbank	M-H	307.19	0.0	1	N/A	N/A	O=C(O)CCCCCCCC(=O)C=CC=CC=CC(O)CC	"1S/C18H28O4/c1-2-16(19)12-8-6-7-10-14-17(20)13-9-4-3-5-11-15-18(21)22/h6-8,10,12,14,16,19H,2-5,9,11,13,15H2,1H3,(H,21,22)"	N/A	3	Negative	MASSBANK	307.19	UPDATE-SINGLE-ANNOTATED-BRONZE	Bronze		C18H28O4	KLFMLBSZQZVKDC-UHFFFAOYSA-N	KLFMLBSZQZVKDC	Lipids and lipid-like molecules	Fatty Acyls	Lineolic acids and derivatives	Fatty Acids and Conjugates	Oxo fatty acids	Fatty acids	mzspec:GNPS:GNPS-LIBRARY:CCMSLIB00005740058
CCMSLIB00010067684	28366	spectra_filtered.mgf	PNNL-LIPIDS-NEGATIVE.mgf	0.841855	2309420.0	0	1.70846	7	0.0012207	714.508	-1	temp/spectra_filtered.mgf28366	28366	1	PE(16:1/18:1); [M-H]- C39H73N1O8P1	LC-ESI	HCD; Velos	Commercial	Thomas Metz	Thomas Metz	M-H	714.507	0.0	1	N/A	N/A	N/A	N/A	N/A	1	Negative	PNNL-LIPIDS-NEGATIVE	714.507	UPDATE-SINGLE-ANNOTATED-GOLD	Gold		N/A	N/A	N/A	N/A	N/A	N/A	N/A	N/A	N/A	mzspec:GNPS:GNPS-LIBRARY:CCMSLIB00010067684
CCMSLIB00006676115	33417	spectra_filtered.mgf	GNPS-NUTRI-METAB-FEM-NEG.mgf	0.841179	584807.0	0	1.66403	5	0.000274658	165.056	-1	temp/spectra_filtered.mgf33417	33417	1	3_4hydroxy_phenyl_propionic_acid	ESI	Orbitrap	Commercial	Ulaszewska	Marynka Ulaszewska	M-H	165.056	166.063	-1	501-97-3	10394.0	C1=CC(=CC=C1CCC(=O)O)O	"InChI=1S/C9H10O3/c10-8-4-1-7(2-5-8)3-6-9(11)12/h1-2,4-5,10H,3,6H2,(H,11,12)"	N/A	1	Negative	GNPS-NUTRI-METAB-FEM-NEG	165.056	UPDATE-SINGLE-ANNOTATED-GOLD	Gold		C9H10O3	NMHMNPHRMNGLLB-UHFFFAOYSA-N	NMHMNPHRMNGLLB	N/A	N/A	N/A			Shikimates and Phenylpropanoids	mzspec:GNPS:GNPS-LIBRARY:CCMSLIB00006676115
CCMSLIB00012343945	62877	spectra_filtered.mgf	MSNLIB-NEGATIVE.mgf	0.839601	251199.0	0	1.49045	6	0.000259399	174.041	0	temp/spectra_filtered.mgf62877	62877	1	N-Acetyl-L-aspartic acid	ESI	Orbitrap	Crude	Tomas Pluskal	Corinna Brungs	[M-H]-	174.041	175.048	1	N/A	N/A	CC(=O)N[C@@H](CC(=O)O)C(=O)O	"InChI=1S/C6H9NO5/c1-3(8)7-4(6(11)12)2-5(9)10/h4H,2H2,1H3,(H,7,8)(H,9,10)(H,11,12)/t4-/m0/s1"	OTCCIMWXFLJLIA-BYPYZUCNSA-N	1	Negative	MSNLIB-NEGATIVE	174.041	UPDATE-SINGLE-ANNOTATED-GOLD	Gold		C6H9NO5	OTCCIMWXFLJLIA-BYPYZUCNSA-N	OTCCIMWXFLJLIA	Organic acids and derivatives	Carboxylic acids and derivatives	"Amino acids, peptides, and analogues"	Small peptides	Dipeptides	Amino acids and Peptides	mzspec:GNPS:GNPS-LIBRARY:CCMSLIB00012343945
CCMSLIB00006676115	31364	spectra_filtered.mgf	GNPS-NUTRI-METAB-FEM-NEG.mgf	0.839271	440551.0	0	1.84892	5	0.000305176	165.056	-1	temp/spectra_filtered.mgf31364	31364	1	3_4hydroxy_phenyl_propionic_acid	ESI	Orbitrap	Commercial	Ulaszewska	Marynka Ulaszewska	M-H	165.056	166.063	-1	501-97-3	10394.0	C1=CC(=CC=C1CCC(=O)O)O	"InChI=1S/C9H10O3/c10-8-4-1-7(2-5-8)3-6-9(11)12/h1-2,4-5,10H,3,6H2,(H,11,12)"	N/A	1	Negative	GNPS-NUTRI-METAB-FEM-NEG	165.056	UPDATE-SINGLE-ANNOTATED-GOLD	Gold		C9H10O3	NMHMNPHRMNGLLB-UHFFFAOYSA-N	NMHMNPHRMNGLLB	N/A	N/A	N/A			Shikimates and Phenylpropanoids	mzspec:GNPS:GNPS-LIBRARY:CCMSLIB00006676115
CCMSLIB00010059732	10960	spectra_filtered.mgf	PNNL-LIPIDS-NEGATIVE.mgf	0.836803	2206020.0	0	1.8663	11	0.00134277	719.487	-1	temp/spectra_filtered.mgf10960	10960	1	PG(16:0/16:1); [M-H]- C38H72O10P1	LC-ESI	HCD; Lumos	Commercial	Thomas Metz	Thomas Metz	M-H	719.486	0.0	1	N/A	N/A	N/A	N/A	N/A	1	Negative	PNNL-LIPIDS-NEGATIVE	719.486	UPDATE-SINGLE-ANNOTATED-GOLD	Gold		N/A	N/A	N/A	N/A	N/A	N/A	N/A	N/A	N/A	mzspec:GNPS:GNPS-LIBRARY:CCMSLIB00010059732
CCMSLIB00012420192	32902	spectra_filtered.mgf	MSNLIB-NEGATIVE.mgf	0.835404	532999.0	0	1.17691	7	0.000396729	337.093	-1	temp/spectra_filtered.mgf32902	32902	1	4-p-Coumaroylquinic acid	ESI	Orbitrap	Isolated	Tomas Pluskal	Corinna Brungs	[M-H]-	337.093	338.1	1	N/A	N/A	O=C(/C=C/c1ccc(O)cc1)OC1[C@H](O)CC(O)(C(=O)O)C[C@H]1O	"InChI=1S/C16H18O8/c17-10-4-1-9(2-5-10)3-6-13(20)24-14-11(18)7-16(23,15(21)22)8-12(14)19/h1-6,11-12,14,17-19,23H,7-8H2,(H,21,22)/b6-3+/t11-,12-,14?,16?/m1/s1"	XWRHBGVVCOSNKO-OPGYGNEESA-N	1	Negative	MSNLIB-NEGATIVE	337.093	UPDATE-SINGLE-ANNOTATED-GOLD	Gold		C16H18O8	XWRHBGVVCOSNKO-OPGYGNEESA-N	XWRHBGVVCOSNKO	Organic oxygen compounds	Organooxygen compounds	Alcohols and polyols	Phenylpropanoids (C6-C3)	Cinnamic acids and derivatives	Shikimates and Phenylpropanoids	mzspec:GNPS:GNPS-LIBRARY:CCMSLIB00012420192
CCMSLIB00012350745	55808	spectra_filtered.mgf	MSNLIB-NEGATIVE.mgf	0.835255	182838.0	0	0.739162	5	0.000167847	227.077	-1	temp/spectra_filtered.mgf55808	55808	1	dulcitol	ESI	Orbitrap	Crude	Tomas Pluskal	Corinna Brungs	[M+FA]-	227.077	182.079	1	N/A	N/A	OC[C@@H](O)[C@H](O)[C@H](O)[C@@H](O)CO	"InChI=1S/C6H14O6/c7-1-3(9)5(11)6(12)4(10)2-8/h3-12H,1-2H2/t3-,4+,5+,6-"	FBPFZTCFMRRESA-GUCUJZIJSA-N	1	Negative	MSNLIB-NEGATIVE	227.077	UPDATE-SINGLE-ANNOTATED-GOLD	Gold		C6H14O6	FBPFZTCFMRRESA-GUCUJZIJSA-N	FBPFZTCFMRRESA	Organic oxygen compounds	Organooxygen compounds	Carbohydrates and carbohydrate conjugates	Saccharides	Monosaccharides	Carbohydrates	mzspec:GNPS:GNPS-LIBRARY:CCMSLIB00012350745
CCMSLIB00012353037	60549	spectra_filtered.mgf	MSNLIB-NEGATIVE.mgf	0.835221	430526.0	0	8.46475	6	0.00138855	164.038	-1	temp/spectra_filtered.mgf60549	60549	1	DL-Methionine sulfoxide	ESI	Orbitrap	Crude	Tomas Pluskal	Corinna Brungs	[M-H]-	164.039	165.046	1	N/A	N/A	C[S+]([O-])CCC(N)C(=O)O	"InChI=1S/C5H11NO3S/c1-10(9)3-2-4(6)5(7)8/h4H,2-3,6H2,1H3,(H,7,8)"	QEFRNWWLZKMPFJ-UHFFFAOYSA-N	1	Negative	MSNLIB-NEGATIVE	164.039	UPDATE-SINGLE-ANNOTATED-GOLD	Gold		N/A	QEFRNWWLZKMPFJ-UHFFFAOYSA-N	QEFRNWWLZKMPFJ	Organic acids and derivatives	Carboxylic acids and derivatives	"Amino acids, peptides, and analogues"	N/A	N/A	N/A	mzspec:GNPS:GNPS-LIBRARY:CCMSLIB00012353037
CCMSLIB00006679086	34876	spectra_filtered.mgf	MONA.mgf	0.83464	2026050.0	0	2.49946	7	0.000442505	177.04	-1	temp/spectra_filtered.mgf34876	34876	1	GULONIC ACID GAMMA-LACTONE	ESI	Orbitrap	isolated	MoNA	MoNA:MoNA037787	M-H	177.04	0.0	1	N/A	N/A	C([C@@H]([C@@H]1[C@@H]([C@@H](C(=O)O1)O)O)O)O	"""InChI=1S/C6H10O6/c7-1-2(8)5-3(9)4(10)6(11)12-5/h2-5,7-10H,1H2/t2-,3+,4-,5+/m0/s1"""	N/A	3	negative	MONA	177.04	UPDATE-SINGLE-ANNOTATED-BRONZE	Bronze		C6H10O6	SXZYCXMUPBBULW-SKNVOMKLSA-N	SXZYCXMUPBBULW	Organoheterocyclic compounds	Lactones	Gamma butyrolactones			Carbohydrates	mzspec:GNPS:GNPS-LIBRARY:CCMSLIB00006679086
CCMSLIB00010059643	27236	spectra_filtered.mgf	PNNL-LIPIDS-NEGATIVE.mgf	0.833565	743145.0	0	0.704827	5	0.000335693	476.278	-1	temp/spectra_filtered.mgf27236	27236	1	PE(18:2/0:0); [M-H]- C23H43N1O7P1	LC-ESI	CID; Lumos	Commercial	Thomas Metz	Thomas Metz	M-H	476.278	0.0	1	N/A	N/A	N/A	N/A	N/A	1	Negative	PNNL-LIPIDS-NEGATIVE	476.278	UPDATE-SINGLE-ANNOTATED-GOLD	Gold		N/A	N/A	N/A	N/A	N/A	N/A	N/A	N/A	N/A	mzspec:GNPS:GNPS-LIBRARY:CCMSLIB00010059643
CCMSLIB00012859827	22075	spectra_filtered.mgf	MSNLIB-NEGATIVE.mgf	0.831872	6972660.0	0	42.9581	6	0.01474	343.14	-1	temp/spectra_filtered.mgf22075	22075	1	lactitol	ESI	Orbitrap	Commercial	Tomas Pluskal	Corinna Brungs	[M-H]-	343.125	344.132	-1	N/A	N/A	OC[C@@H](O)[C@@H](O[C@@H]1O[C@H](CO)[C@H](O)[C@H](O)[C@H]1O)[C@H](O)[C@@H](O)CO	"InChI=1S/C12H24O11/c13-1-4(16)7(18)11(5(17)2-14)23-12-10(21)9(20)8(19)6(3-15)22-12/h4-21H,1-3H2/t4-,5+,6+,7+,8-,9-,10+,11+,12-/m0/s1"	VQHSOMBJVWLPSR-JVCRWLNRSA-N	1	Negative	MSNLIB-NEGATIVE	343.125	UPDATE-SINGLE-ANNOTATED-GOLD	Gold		C12H24O11	VQHSOMBJVWLPSR-JVCRWLNRSA-N	VQHSOMBJVWLPSR	Lipids and lipid-like molecules	Fatty Acyls	Fatty acyl glycosides	Saccharides	Disaccharides	Carbohydrates	mzspec:GNPS:GNPS-LIBRARY:CCMSLIB00012859827
CCMSLIB00010059136	3441	spectra_filtered.mgf	PNNL-LIPIDS-NEGATIVE.mgf	0.829913	3487560.0	0	0.818712	12	0.000610352	745.503	-1	temp/spectra_filtered.mgf3441	3441	1	PG(16:1/18:1); [M-H]- C40H74O10P1	LC-ESI	HCD; Lumos	Commercial	Thomas Metz	Thomas Metz	M-H	745.502	0.0	1	N/A	N/A	N/A	N/A	N/A	1	Negative	PNNL-LIPIDS-NEGATIVE	745.502	UPDATE-SINGLE-ANNOTATED-GOLD	Gold		N/A	N/A	N/A	N/A	N/A	N/A	N/A	N/A	N/A	mzspec:GNPS:GNPS-LIBRARY:CCMSLIB00010059136
CCMSLIB00012859827	19234	spectra_filtered.mgf	MSNLIB-NEGATIVE.mgf	0.829558	9263980.0	0	43.047	6	0.0147705	343.14	-1	temp/spectra_filtered.mgf19234	19234	1	lactitol	ESI	Orbitrap	Commercial	Tomas Pluskal	Corinna Brungs	[M-H]-	343.125	344.132	-1	N/A	N/A	OC[C@@H](O)[C@@H](O[C@@H]1O[C@H](CO)[C@H](O)[C@H](O)[C@H]1O)[C@H](O)[C@@H](O)CO	"InChI=1S/C12H24O11/c13-1-4(16)7(18)11(5(17)2-14)23-12-10(21)9(20)8(19)6(3-15)22-12/h4-21H,1-3H2/t4-,5+,6+,7+,8-,9-,10+,11+,12-/m0/s1"	VQHSOMBJVWLPSR-JVCRWLNRSA-N	1	Negative	MSNLIB-NEGATIVE	343.125	UPDATE-SINGLE-ANNOTATED-GOLD	Gold		C12H24O11	VQHSOMBJVWLPSR-JVCRWLNRSA-N	VQHSOMBJVWLPSR	Lipids and lipid-like molecules	Fatty Acyls	Fatty acyl glycosides	Saccharides	Disaccharides	Carbohydrates	mzspec:GNPS:GNPS-LIBRARY:CCMSLIB00012859827
CCMSLIB00005732848	13542	spectra_filtered.mgf	MASSBANK.mgf	0.829122	340216.0	0	0.414112	8	9.15527E-05	221.082	-1	temp/spectra_filtered.mgf13542	13542	1	"Massbank:EQ367252 Diethyl-phthalate|Diethyl phthalate|Diethyl benzene-1,2-dicarboxylate"	ESI	Hybrid FT	Isolated	Massbank	Massbank	M-H	221.082	0.0	1	84-66-2	N/A	CCOC(=O)C1=CC=CC=C1C(=O)OCC	"1S/C12H14O4/c1-3-15-11(13)9-7-5-6-8-10(9)12(14)16-4-2/h5-8H,3-4H2,1-2H3"	N/A	3	Negative	MASSBANK	221.082	UPDATE-SINGLE-ANNOTATED-BRONZE	Bronze		C12H14O4	FLKPEMZONWLCSK-UHFFFAOYSA-N	FLKPEMZONWLCSK	Benzenoids	Benzene and substituted derivatives	Benzoic acids and derivatives	Phenolic acids (C6-C1)	Shikimic acids and derivatives|Simple phenolic acids	Shikimates and Phenylpropanoids	mzspec:GNPS:GNPS-LIBRARY:CCMSLIB00005732848
CCMSLIB00004697367	35857	spectra_filtered.mgf	MONA.mgf	0.827617	835541.0	0	1.53904	6	0.000518799	337.094	-1	temp/spectra_filtered.mgf35857	35857	1	"(1R,3R,4S,5R)-1,3,4-trihydroxy-5-[(E)-3-(4-hydroxyphenyl)prop-2-enoyl]oxycyclohexane-1-carboxylic acid"	N/A	ESI-QFT	isolated	MoNA	MoNA:VF-NPL-QEHF006304	[M-H]-	337.093	0.0	1	N/A	N/A	O=C(/C=C/c1ccc(O)cc1)O[C@@H]1C[C@@](O)(C(=O)O)C[C@@H](O)[C@@H]1O	"InChI=1S/C16H18O8/c17-10-4-1-9(2-5-10)3-6-13(19)24-12-8-16(23,15(21)22)7-11(18)14(12)20/h1-6,11-12,14,17-18,20,23H,7-8H2,(H,21,22)/b6-3+/t11-,12-,14+,16-/m1/s1"	N/A	3	negative	MONA	337.093	UPDATE-SINGLE-ANNOTATED-BRONZE	Bronze		C16H18O8	BMRSEYFENKXDIS-QHAYPTCMSA-N	BMRSEYFENKXDIS	Organic oxygen compounds	Organooxygen compounds	Alcohols and polyols	Phenylpropanoids (C6-C3)	Cinnamic acids and derivatives	Shikimates and Phenylpropanoids	mzspec:GNPS:GNPS-LIBRARY:CCMSLIB00004697367
CCMSLIB00005745050	59348	spectra_filtered.mgf	MASSBANK.mgf	0.823677	752164.0	0	3.89245	5	0.00112915	290.088	-1	temp/spectra_filtered.mgf59348	59348	1	Massbank:PR309144 N-Fructosyl pyroglutamate	ESI	qTof	Isolated	Massbank	Massbank	M-H	290.087	0.0	1	N/A	N/A	O=C(O)C1N(C(=O)CC1)CC2(O)(OC(CO)C(O)C2(O))	"1S/C11H17NO8/c13-3-6-8(15)9(16)11(19,20-6)4-12-5(10(17)18)1-2-7(12)14/h5-6,8-9,13,15-16,19H,1-4H2,(H,17,18)"	N/A	3	Negative	MASSBANK	290.087	UPDATE-SINGLE-ANNOTATED-BRONZE	Bronze		C11H17NO8	VMOJEEZNLOLYBG-UHFFFAOYSA-N	VMOJEEZNLOLYBG	Organic acids and derivatives	Carboxylic acids and derivatives	"Amino acids, peptides, and analogues"				mzspec:GNPS:GNPS-LIBRARY:CCMSLIB00005745050
CCMSLIB00012352513	66271	spectra_filtered.mgf	MSNLIB-NEGATIVE.mgf	0.822452	665717.0	0	1.95017	5	0.000259399	133.014	-1	temp/spectra_filtered.mgf66271	66271	1	97-67-6 (Chimeric precursor selection)	ESI	Orbitrap	Crude	Tomas Pluskal	Corinna Brungs	[M-H]-	133.014	134.022	1	N/A	N/A	O=C(O)C[C@H](O)C(=O)O	"InChI=1S/C4H6O5/c5-2(4(8)9)1-3(6)7/h2,5H,1H2,(H,6,7)(H,8,9)/t2-/m0/s1"	BJEPYKJPYRNKOW-REOHCLBHSA-N	1	Negative	MSNLIB-NEGATIVE	133.014	UPDATE-SINGLE-ANNOTATED-GOLD	Gold		C4H6O5	BJEPYKJPYRNKOW-REOHCLBHSA-N	BJEPYKJPYRNKOW	Organic acids and derivatives	Hydroxy acids and derivatives	Beta hydroxy acids and derivatives	Fatty Acids and Conjugates	Dicarboxylic acids|Hydroxy fatty acids	Fatty acids	mzspec:GNPS:GNPS-LIBRARY:CCMSLIB00012352513
CCMSLIB00003139324	25416	spectra_filtered.mgf	GNPS-NIST14-MATCHES.mgf	0.821474	2109100.0	0	20.1751	7	0.00912476	452.269	-1	temp/spectra_filtered.mgf25416	25416	1	Spectral Match to 1-Palmitoyl-2-hydroxy-sn-glycero-3-phosphoethanolamine from NIST14	ESI	qTof	Isolated	Data from Pieter Dorrestein	Data deposited by daniel	M-H	452.278	453.285	1	53862354	N/A	CCCCCCCCCCCCCCCC(=O)OC[C@H](COP(=O)(O)OCCN)O	"InChI=1S/C21H44NO7P/c1-2-3-4-5-6-7-8-9-10-11-12-13-14-15-21(24)27-18-20(23)19-29-30(25,26)28-17-16-22/h20,23H,2-19,22H2,1H3,(H,25,26)/t20-/m1/s1"	N/A	3	Negative	GNPS-NIST14-MATCHES	452.278	UPDATE-SINGLE-ANNOTATED-BRONZE	Bronze		C21H44NO7P	YVYMBNSKXOXSKW-HXUWFJFHSA-N	YVYMBNSKXOXSKW	Lipids and lipid-like molecules	Glycerophospholipids	Glycerophosphoethanolamines	Glycerophospholipids	Glycerophosphoethanolamines	Fatty acids	mzspec:GNPS:GNPS-LIBRARY:CCMSLIB00003139324
CCMSLIB00005732848	22152	spectra_filtered.mgf	MASSBANK.mgf	0.820241	197504.0	0	0.207056	8	4.57764E-05	221.082	-1	temp/spectra_filtered.mgf22152	22152	1	"Massbank:EQ367252 Diethyl-phthalate|Diethyl phthalate|Diethyl benzene-1,2-dicarboxylate"	ESI	Hybrid FT	Isolated	Massbank	Massbank	M-H	221.082	0.0	1	84-66-2	N/A	CCOC(=O)C1=CC=CC=C1C(=O)OCC	"1S/C12H14O4/c1-3-15-11(13)9-7-5-6-8-10(9)12(14)16-4-2/h5-8H,3-4H2,1-2H3"	N/A	3	Negative	MASSBANK	221.082	UPDATE-SINGLE-ANNOTATED-BRONZE	Bronze		C12H14O4	FLKPEMZONWLCSK-UHFFFAOYSA-N	FLKPEMZONWLCSK	Benzenoids	Benzene and substituted derivatives	Benzoic acids and derivatives	Phenolic acids (C6-C1)	Shikimic acids and derivatives|Simple phenolic acids	Shikimates and Phenylpropanoids	mzspec:GNPS:GNPS-LIBRARY:CCMSLIB00005732848
CCMSLIB00012352513	65881	spectra_filtered.mgf	MSNLIB-NEGATIVE.mgf	0.81958	463075.0	0	1.95017	5	0.000259399	133.014	-1	temp/spectra_filtered.mgf65881	65881	1	97-67-6 (Chimeric precursor selection)	ESI	Orbitrap	Crude	Tomas Pluskal	Corinna Brungs	[M-H]-	133.014	134.022	1	N/A	N/A	O=C(O)C[C@H](O)C(=O)O	"InChI=1S/C4H6O5/c5-2(4(8)9)1-3(6)7/h2,5H,1H2,(H,6,7)(H,8,9)/t2-/m0/s1"	BJEPYKJPYRNKOW-REOHCLBHSA-N	1	Negative	MSNLIB-NEGATIVE	133.014	UPDATE-SINGLE-ANNOTATED-GOLD	Gold		C4H6O5	BJEPYKJPYRNKOW-REOHCLBHSA-N	BJEPYKJPYRNKOW	Organic acids and derivatives	Hydroxy acids and derivatives	Beta hydroxy acids and derivatives	Fatty Acids and Conjugates	Dicarboxylic acids|Hydroxy fatty acids	Fatty acids	mzspec:GNPS:GNPS-LIBRARY:CCMSLIB00012352513
CCMSLIB00012352513	64441	spectra_filtered.mgf	MSNLIB-NEGATIVE.mgf	0.817827	39831900.0	0	145.23	5	0.0193176	132.995	0	temp/spectra_filtered.mgf64441	64441	1	97-67-6 (Chimeric precursor selection)	ESI	Orbitrap	Crude	Tomas Pluskal	Corinna Brungs	[M-H]-	133.014	134.022	1	N/A	N/A	O=C(O)C[C@H](O)C(=O)O	"InChI=1S/C4H6O5/c5-2(4(8)9)1-3(6)7/h2,5H,1H2,(H,6,7)(H,8,9)/t2-/m0/s1"	BJEPYKJPYRNKOW-REOHCLBHSA-N	1	Negative	MSNLIB-NEGATIVE	133.014	UPDATE-SINGLE-ANNOTATED-GOLD	Gold		C4H6O5	BJEPYKJPYRNKOW-REOHCLBHSA-N	BJEPYKJPYRNKOW	Organic acids and derivatives	Hydroxy acids and derivatives	Beta hydroxy acids and derivatives	Fatty Acids and Conjugates	Dicarboxylic acids|Hydroxy fatty acids	Fatty acids	mzspec:GNPS:GNPS-LIBRARY:CCMSLIB00012352513
CCMSLIB00012296953	53066	spectra_filtered.mgf	MSNLIB-NEGATIVE.mgf	0.816457	1416900.0	0	0.835835	5	0.00012207	146.046	-1	temp/spectra_filtered.mgf53066	53066	1	O-acetyl-L-serine	ESI	Orbitrap	Crude	Tomas Pluskal	Corinna Brungs	[M-H]-	146.046	147.053	1	N/A	N/A	CC(=O)OC[C@H](N)C(=O)O	"InChI=1S/C5H9NO4/c1-3(7)10-2-4(6)5(8)9/h4H,2,6H2,1H3,(H,8,9)/t4-/m0/s1"	VZXPDPZARILFQX-BYPYZUCNSA-N	1	Negative	MSNLIB-NEGATIVE	146.046	UPDATE-SINGLE-ANNOTATED-GOLD	Gold		C5H9NO4	VZXPDPZARILFQX-BYPYZUCNSA-N	VZXPDPZARILFQX	Organic acids and derivatives	Carboxylic acids and derivatives	"Amino acids, peptides, and analogues"	Small peptides	Aminoacids	Amino acids and Peptides	mzspec:GNPS:GNPS-LIBRARY:CCMSLIB00012296953
CCMSLIB00012352106	53394	spectra_filtered.mgf	MSNLIB-NEGATIVE.mgf	0.816278	463214.0	0	1.03659	5	0.000213623	206.082	-1	temp/spectra_filtered.mgf53394	53394	1	N-Acetyl-L-phenylalanine	ESI	Orbitrap	Crude	Tomas Pluskal	Corinna Brungs	[M-H]-	206.082	207.09	1	N/A	N/A	CC(=O)N[C@@H](Cc1ccccc1)C(=O)O	"InChI=1S/C11H13NO3/c1-8(13)12-10(11(14)15)7-9-5-3-2-4-6-9/h2-6,10H,7H2,1H3,(H,12,13)(H,14,15)/t10-/m0/s1"	CBQJSKKFNMDLON-JTQLQIEISA-N	1	Negative	MSNLIB-NEGATIVE	206.082	UPDATE-SINGLE-ANNOTATED-GOLD	Gold		C11H13NO3	CBQJSKKFNMDLON-JTQLQIEISA-N	CBQJSKKFNMDLON	Organic acids and derivatives	Carboxylic acids and derivatives	"Amino acids, peptides, and analogues"	Small peptides	Dipeptides	Amino acids and Peptides	mzspec:GNPS:GNPS-LIBRARY:CCMSLIB00012352106
CCMSLIB00012725656	64142	spectra_filtered.mgf	LEAFBOT.mgf	0.813218	241428.0	0	0.715726	9	0.000244141	341.109	-1	temp/spectra_filtered.mgf64142	64142	1	Gentiobiose	ESI	Orbitrap	Commercial	Kellogg	Josh Kellogg	M-H	341.109	342.116	-1	554-91-6	20056559	C([C@@H]1[C@H]([C@@H]([C@H]([C@@H](O1)OC[C@H]([C@H]([C@@H]([C@H](C=O)O)O)O)O)O)O)O)O	AYRXSINWFIIFAE-UDKQPYHCSA-N	N/A	1	Negative	LEAFBOT	341.109	UPDATE-SINGLE-ANNOTATED-GOLD	Gold		C12H22O11	AYRXSINWFIIFAE-UDKQPYHCSA-N	AYRXSINWFIIFAE	Lipids and lipid-like molecules	Fatty Acyls	Fatty acyl glycosides	Saccharides	Disaccharides	Carbohydrates	mzspec:GNPS:GNPS-LIBRARY:CCMSLIB00012725656
CCMSLIB00006683057	53071	spectra_filtered.mgf	MONA.mgf	0.812663	688562.0	0	57.9937	5	0.010849	187.061	0	temp/spectra_filtered.mgf53071	53071	1	ALPHA-N-ACETYL-GLUTAMINE	ESI	qTof	isolated	MoNA	MoNA:MoNA035404	M-H	187.072	0.0	1	N/A	N/A	C/C(=N/C(CCC(=N)O)C(=O)O)/O	"""InChI=1S/C7H12N2O4/c1-4(10)9-5(7(12)13)2-3-6(8)11/h5H,2-3H2,1H3,(H2,8,11)(H,9,10)(H,12,13)"""	N/A	3	negative	MONA	187.072	UPDATE-SINGLE-ANNOTATED-BRONZE	Bronze		C7H12N2O4	KSMRODHGGIIXDV-UHFFFAOYSA-N	KSMRODHGGIIXDV	Organic acids and derivatives	Carboxylic acids and derivatives	"Amino acids, peptides, and analogues"				mzspec:GNPS:GNPS-LIBRARY:CCMSLIB00006683057
CCMSLIB00010067684	17056	spectra_filtered.mgf	PNNL-LIPIDS-NEGATIVE.mgf	0.812652	706187.0	0	1.53761	5	0.00109863	714.508	-1	temp/spectra_filtered.mgf17056	17056	1	PE(16:1/18:1); [M-H]- C39H73N1O8P1	LC-ESI	HCD; Velos	Commercial	Thomas Metz	Thomas Metz	M-H	714.507	0.0	1	N/A	N/A	N/A	N/A	N/A	1	Negative	PNNL-LIPIDS-NEGATIVE	714.507	UPDATE-SINGLE-ANNOTATED-GOLD	Gold		N/A	N/A	N/A	N/A	N/A	N/A	N/A	N/A	N/A	mzspec:GNPS:GNPS-LIBRARY:CCMSLIB00010067684
CCMSLIB00012352513	64624	spectra_filtered.mgf	MSNLIB-NEGATIVE.mgf	0.811908	739977.0	0	1.72073	5	0.000228882	133.014	-1	temp/spectra_filtered.mgf64624	64624	1	97-67-6 (Chimeric precursor selection)	ESI	Orbitrap	Crude	Tomas Pluskal	Corinna Brungs	[M-H]-	133.014	134.022	1	N/A	N/A	O=C(O)C[C@H](O)C(=O)O	"InChI=1S/C4H6O5/c5-2(4(8)9)1-3(6)7/h2,5H,1H2,(H,6,7)(H,8,9)/t2-/m0/s1"	BJEPYKJPYRNKOW-REOHCLBHSA-N	1	Negative	MSNLIB-NEGATIVE	133.014	UPDATE-SINGLE-ANNOTATED-GOLD	Gold		C4H6O5	BJEPYKJPYRNKOW-REOHCLBHSA-N	BJEPYKJPYRNKOW	Organic acids and derivatives	Hydroxy acids and derivatives	Beta hydroxy acids and derivatives	Fatty Acids and Conjugates	Dicarboxylic acids|Hydroxy fatty acids	Fatty acids	mzspec:GNPS:GNPS-LIBRARY:CCMSLIB00012352513
CCMSLIB00005740058	28313	spectra_filtered.mgf	MASSBANK.mgf	0.810822	1390860.0	0	4.76853	9	0.00146484	307.191	-1	temp/spectra_filtered.mgf28313	28313	1	Massbank:PR309076 FA 18:4+2O	ESI	qTof	Isolated	Massbank	Massbank	M-H	307.19	0.0	1	N/A	N/A	O=C(O)CCCCCCCC(=O)C=CC=CC=CC(O)CC	"1S/C18H28O4/c1-2-16(19)12-8-6-7-10-14-17(20)13-9-4-3-5-11-15-18(21)22/h6-8,10,12,14,16,19H,2-5,9,11,13,15H2,1H3,(H,21,22)"	N/A	3	Negative	MASSBANK	307.19	UPDATE-SINGLE-ANNOTATED-BRONZE	Bronze		C18H28O4	KLFMLBSZQZVKDC-UHFFFAOYSA-N	KLFMLBSZQZVKDC	Lipids and lipid-like molecules	Fatty Acyls	Lineolic acids and derivatives	Fatty Acids and Conjugates	Oxo fatty acids	Fatty acids	mzspec:GNPS:GNPS-LIBRARY:CCMSLIB00005740058
CCMSLIB00005463991	62889	spectra_filtered.mgf	GNPS-MSMLS.mgf	0.810737	341123.0	0	0.830241	5	0.00012207	147.03	-1	temp/spectra_filtered.mgf62889	62889	1	CITRAMALATE	ESI	Orbitrap	Commercial	Dorrestein	Kelly Weldon	M-H	147.03	148.037	-1	1030365-02-6 (ANHYDROUS)	N/A	CC(O)(CC(O)=O)C(O)=O	"""InChI=1S/C5H8O5/c1-5(10,4(8)9)2-3(6)7/h10H,2H2,1H3,(H,6,7)(H,8,9)"""	N/A	1	Negative	GNPS-MSMLS	147.03	UPDATE-SINGLE-ANNOTATED-GOLD	Gold		C5H8O5	XFTRTWQBIOMVPK-UHFFFAOYSA-N	XFTRTWQBIOMVPK	Lipids and lipid-like molecules	Fatty Acyls	Fatty acids and conjugates	Fatty Acids and Conjugates	Hydroxy fatty acids	Fatty acids	mzspec:GNPS:GNPS-LIBRARY:CCMSLIB00005463991
CCMSLIB00005736855	19668	spectra_filtered.mgf	MASSBANK.mgf	0.809821	543632.0	0	4.02707	7	0.00299072	742.657	-1	temp/spectra_filtered.mgf19668	19668	1	Massbank:LQB00006 Cer[AP] t42:0	ESI	qTof	Isolated	Massbank	Massbank	M+CH3COOH-H	742.654	0.0	1	N/A	N/A	CCCCCCCCCCCCCCCCCCCCCCC(O)C(=O)NC(CO)C(O)C(O)CCCCCCCCCCCCCC	"1S/C42H85NO5/c1-3-5-7-9-11-13-15-17-18-19-20-21-22-23-24-26-28-30-32-34-36-40(46)42(48)43-38(37-44)41(47)39(45)35-33-31-29-27-25-16-14-12-10-8-6-4-2/h38-41,44-47H,3-37H2,1-2H3,(H,43,48)"	N/A	3	Negative	MASSBANK	742.654	UPDATE-SINGLE-ANNOTATED-BRONZE	Bronze		C42H85NO5	ZFUXWVVVWGWGPQ-UHFFFAOYSA-N	ZFUXWVVVWGWGPQ	Lipids and lipid-like molecules	Sphingolipids	Ceramides	Sphingolipids	Ceramides	Fatty acids	mzspec:GNPS:GNPS-LIBRARY:CCMSLIB00005736855
CCMSLIB00012428596	50457	spectra_filtered.mgf	MSNLIB-NEGATIVE.mgf	0.80967	497929.0	0	0.581154	5	0.000183105	315.072	-1	temp/spectra_filtered.mgf50457	50457	1	gentisic acid 5-O-beta-glucoside	ESI	Orbitrap	Isolated	Tomas Pluskal	Corinna Brungs	[M-H]-	315.072	316.079	1	N/A	N/A	O=C(O)c1c(O)ccc(O[C@@H]2O[C@H](CO)[C@@H](O)[C@H](O)[C@H]2O)c1	"InChI=1S/C13H16O9/c14-4-8-9(16)10(17)11(18)13(22-8)21-5-1-2-7(15)6(3-5)12(19)20/h1-3,8-11,13-18H,4H2,(H,19,20)/t8-,9-,10+,11-,13-/m1/s1"	CBTFERBMQQAROP-BZNQNGANSA-N	1	Negative	MSNLIB-NEGATIVE	315.072	UPDATE-SINGLE-ANNOTATED-GOLD	Gold		C13H16O9	CBTFERBMQQAROP-BZNQNGANSA-N	CBTFERBMQQAROP	Organic oxygen compounds	Organooxygen compounds	Carbohydrates and carbohydrate conjugates	Phenolic acids (C6-C1)	Simple phenolic acids	Shikimates and Phenylpropanoids	mzspec:GNPS:GNPS-LIBRARY:CCMSLIB00012428596
CCMSLIB00004711668	14732	spectra_filtered.mgf	MONA.mgf	0.809207	500298.0	0	0.0685468	6	3.05176E-05	445.208	-1	temp/spectra_filtered.mgf14732	14732	1	"(Z)-2,6-dimethyl-7-(4-methyl-5-oxooxolan-2-yl)-3-[[3,4,5-trihydroxy-6-(hydroxymethyl)oxan-2-yl]oxymethyl]hept-5-enoic acid"	N/A	ESI-QFT	isolated	MoNA	MoNA:VF-NPL-QEHF020605	[M-H]-	445.208	0.0	1	N/A	N/A	C/C(=C/CC(COC1OC(CO)C(O)C(O)C1O)C(C)C(=O)O)CC1CC(C)C(=O)O1	"InChI=1S/C21H34O10/c1-10(6-14-7-11(2)20(28)30-14)4-5-13(12(3)19(26)27)9-29-21-18(25)17(24)16(23)15(8-22)31-21/h4,11-18,21-25H,5-9H2,1-3H3,(H,26,27)/b10-4-"	N/A	3	negative	MONA	445.208	UPDATE-SINGLE-ANNOTATED-BRONZE	Bronze		C21H34O10	QOIHIEPXTNMSSM-WMZJFQQLSA-N	QOIHIEPXTNMSSM	N/A	N/A	N/A	Linear polyketides	Open-chain polyketides	Polyketides	mzspec:GNPS:GNPS-LIBRARY:CCMSLIB00004711668
CCMSLIB00010059356	27004	spectra_filtered.mgf	PNNL-LIPIDS-NEGATIVE.mgf	0.809085	1503480.0	0	0.920238	6	0.000427246	464.278	-1	temp/spectra_filtered.mgf27004	27004	1	PE(17:1/0:0); [M-H]- C22H43N1O7P1	LC-ESI	HCD; Lumos	Commercial	Thomas Metz	Thomas Metz	M-H	464.278	0.0	1	N/A	N/A	N/A	N/A	N/A	1	Negative	PNNL-LIPIDS-NEGATIVE	464.278	UPDATE-SINGLE-ANNOTATED-GOLD	Gold		N/A	N/A	N/A	N/A	N/A	N/A	N/A	N/A	N/A	mzspec:GNPS:GNPS-LIBRARY:CCMSLIB00010059356
CCMSLIB00003139409	54265	spectra_filtered.mgf	GNPS-NIST14-MATCHES.mgf	0.808058	714208.0	0	0.511308	5	9.15527E-05	179.056	-1	temp/spectra_filtered.mgf54265	54265	1	Spectral Match to D-Psicose from NIST14	ESI	QqQ	Isolated	Data from Kevin Bush	Data deposited by fevargas	M-H	179.056	0.0	1	551688	N/A	N/A	N/A	N/A	3	Negative	GNPS-NIST14-MATCHES	179.056	UPDATE-SINGLE-ANNOTATED-BRONZE	Bronze		N/A	N/A	N/A	N/A	N/A	N/A	N/A	N/A	N/A	mzspec:GNPS:GNPS-LIBRARY:CCMSLIB00003139409
CCMSLIB00012422806	12273	spectra_filtered.mgf	MSNLIB-NEGATIVE.mgf	0.805986	1708000.0	0	4.13146	9	0.00183105	443.196	-1	temp/spectra_filtered.mgf12273	12273	1	Asperglaucide	ESI	Orbitrap	Isolated	Tomas Pluskal	Corinna Brungs	[M-H]-	443.198	444.205	1	N/A	N/A	CC(=O)OCC(Cc1ccccc1)NC(=O)C(Cc1ccccc1)NC(=O)c1ccccc1	"InChI=1S/C27H28N2O4/c1-20(30)33-19-24(17-21-11-5-2-6-12-21)28-27(32)25(18-22-13-7-3-8-14-22)29-26(31)23-15-9-4-10-16-23/h2-16,24-25H,17-19H2,1H3,(H,28,32)(H,29,31)"	VZPAURMDJZOGHU-UHFFFAOYSA-N	1	Negative	MSNLIB-NEGATIVE	443.198	UPDATE-SINGLE-ANNOTATED-GOLD	Gold		C27H28N2O4	VZPAURMDJZOGHU-UHFFFAOYSA-N	VZPAURMDJZOGHU	Organic acids and derivatives	Carboxylic acids and derivatives	"Amino acids, peptides, and analogues"	Small peptides	Dipeptides	Amino acids and Peptides	mzspec:GNPS:GNPS-LIBRARY:CCMSLIB00012422806
CCMSLIB00005736079	1112	spectra_filtered.mgf	MASSBANK.mgf	0.800199	1264070.0	0	0.306255	5	9.15527E-05	298.943	-1	temp/spectra_filtered.mgf1112	1112	1	"Massbank:EQ367553 Perfluorobutane sulfonic acid (PFBuS)|Perfluorobutanesulfonic acid|1,1,2,2,3,3,4,4,4-nonafluorobutane-1-sulfonic acid"	ESI	Hybrid FT	Isolated	Massbank	Massbank	M-H	298.943	0.0	1	375-73-5	N/A	C(C(C(F)(F)S(=O)(=O)O)(F)F)(C(F)(F)F)(F)F	"1S/C4HF9O3S/c5-1(6,3(9,10)11)2(7,8)4(12,13)17(14,15)16/h(H,14,15,16)"	N/A	3	Negative	MASSBANK	298.943	UPDATE-SINGLE-ANNOTATED-BRONZE	Bronze		C4HF9O3S	JGTNAGYHADQMCM-UHFFFAOYSA-N	JGTNAGYHADQMCM	Organohalogen compounds	Alkyl halides	Alkyl fluorides			Alkaloids	mzspec:GNPS:GNPS-LIBRARY:CCMSLIB00005736079
CCMSLIB00005734694	5321	spectra_filtered.mgf	MASSBANK.mgf	0.796861	3920560.0	0	1.76183	7	0.000488281	277.145	-1	temp/spectra_filtered.mgf5321	5321	1	"Massbank:EQ367051 Di-n-butyl phthalate|Dibutyl phthalate|dibutyl benzene-1,2-dicarboxylate"	ESI	Hybrid FT	Isolated	Massbank	Massbank	M-H	277.145	0.0	1	84-74-2	N/A	CCCCOC(=O)C1=CC=CC=C1C(=O)OCCCC	"1S/C16H22O4/c1-3-5-11-19-15(17)13-9-7-8-10-14(13)16(18)20-12-6-4-2/h7-10H,3-6,11-12H2,1-2H3"	N/A	3	Negative	MASSBANK	277.145	UPDATE-SINGLE-ANNOTATED-BRONZE	Bronze		C16H22O4	DOIRQSBPFJWKBE-UHFFFAOYSA-N	DOIRQSBPFJWKBE	Benzenoids	Benzene and substituted derivatives	Benzoic acids and derivatives	Phenolic acids (C6-C1)	Shikimic acids and derivatives|Simple phenolic acids	Shikimates and Phenylpropanoids	mzspec:GNPS:GNPS-LIBRARY:CCMSLIB00005734694
CCMSLIB00012426277	42597	spectra_filtered.mgf	MSNLIB-NEGATIVE.mgf	0.795641	143210.0	0	0.0	5	0.0	342.083	-1	temp/spectra_filtered.mgf42597	42597	1	"NCGC00385507-01_C14H17NO9_(2S)-7-Hydroxy-3-oxo-3,4-dihydro-2H-1,4-benzoxazin-2-yl beta-D-glucopyranoside"	ESI	Orbitrap	Isolated	Tomas Pluskal	Corinna Brungs	[M-H]-	342.083	343.09	1	N/A	N/A	O=C1Nc2c(cc(O)cc2)O[C@H]1O[C@@H]1O[C@H](CO)[C@@H](O)[C@H](O)[C@H]1O	"InChI=1S/C14H17NO9/c16-4-8-9(18)10(19)11(20)13(23-8)24-14-12(21)15-6-2-1-5(17)3-7(6)22-14/h1-3,8-11,13-14,16-20H,4H2,(H,15,21)/t8-,9-,10+,11-,13+,14+/m1/s1"	VUFDXOACUHDTLI-PUOUXSMHSA-N	1	Negative	MSNLIB-NEGATIVE	342.083	UPDATE-SINGLE-ANNOTATED-GOLD	Gold		C14H17NO9	VUFDXOACUHDTLI-PUOUXSMHSA-N	VUFDXOACUHDTLI	Organic oxygen compounds	Organooxygen compounds	Carbohydrates and carbohydrate conjugates			Alkaloids	mzspec:GNPS:GNPS-LIBRARY:CCMSLIB00012426277
CCMSLIB00003138590	56123	spectra_filtered.mgf	GNPS-NIST14-MATCHES.mgf	0.791423	723555.0	0	3.5832	5	0.000534058	149.046	-1	temp/spectra_filtered.mgf56123	56123	1	Spectral Match to D-Lyxose from NIST14	ESI	QQQ	Isolated	Data from Kevin Bush	Data deposited by fevargas	M-H	149.045	150.053	1	1114347	N/A	C1[C@H]([C@@H]([C@@H](C(O1)O)O)O)O	"InChI=1S/C5H10O5/c6-2-1-10-5(9)4(8)3(2)7/h2-9H,1H2/t2-,3+,4+,5?/m1/s1"	N/A	3	Negative	GNPS-NIST14-MATCHES	149.045	UPDATE-SINGLE-ANNOTATED-BRONZE	Bronze		C5H10O5	SRBFZHDQGSBBOR-AGQMPKSLSA-N	SRBFZHDQGSBBOR	Organic oxygen compounds	Organooxygen compounds	Carbohydrates and carbohydrate conjugates	Saccharides	Monosaccharides	Carbohydrates	mzspec:GNPS:GNPS-LIBRARY:CCMSLIB00003138590
CCMSLIB00003139324	9291	spectra_filtered.mgf	GNPS-NIST14-MATCHES.mgf	0.791225	1004140.0	0	19.5004	5	0.00881958	452.269	-1	temp/spectra_filtered.mgf9291	9291	1	Spectral Match to 1-Palmitoyl-2-hydroxy-sn-glycero-3-phosphoethanolamine from NIST14	ESI	qTof	Isolated	Data from Pieter Dorrestein	Data deposited by daniel	M-H	452.278	453.285	1	53862354	N/A	CCCCCCCCCCCCCCCC(=O)OC[C@H](COP(=O)(O)OCCN)O	"InChI=1S/C21H44NO7P/c1-2-3-4-5-6-7-8-9-10-11-12-13-14-15-21(24)27-18-20(23)19-29-30(25,26)28-17-16-22/h20,23H,2-19,22H2,1H3,(H,25,26)/t20-/m1/s1"	N/A	3	Negative	GNPS-NIST14-MATCHES	452.278	UPDATE-SINGLE-ANNOTATED-BRONZE	Bronze		C21H44NO7P	YVYMBNSKXOXSKW-HXUWFJFHSA-N	YVYMBNSKXOXSKW	Lipids and lipid-like molecules	Glycerophospholipids	Glycerophosphoethanolamines	Glycerophospholipids	Glycerophosphoethanolamines	Fatty acids	mzspec:GNPS:GNPS-LIBRARY:CCMSLIB00003139324
CCMSLIB00003139324	7829	spectra_filtered.mgf	GNPS-NIST14-MATCHES.mgf	0.791225	1004140.0	0	0.269901	5	0.00012207	452.278	-1	temp/spectra_filtered.mgf7829	7829	1	Spectral Match to 1-Palmitoyl-2-hydroxy-sn-glycero-3-phosphoethanolamine from NIST14	ESI	qTof	Isolated	Data from Pieter Dorrestein	Data deposited by daniel	M-H	452.278	453.285	1	53862354	N/A	CCCCCCCCCCCCCCCC(=O)OC[C@H](COP(=O)(O)OCCN)O	"InChI=1S/C21H44NO7P/c1-2-3-4-5-6-7-8-9-10-11-12-13-14-15-21(24)27-18-20(23)19-29-30(25,26)28-17-16-22/h20,23H,2-19,22H2,1H3,(H,25,26)/t20-/m1/s1"	N/A	3	Negative	GNPS-NIST14-MATCHES	452.278	UPDATE-SINGLE-ANNOTATED-BRONZE	Bronze		C21H44NO7P	YVYMBNSKXOXSKW-HXUWFJFHSA-N	YVYMBNSKXOXSKW	Lipids and lipid-like molecules	Glycerophospholipids	Glycerophosphoethanolamines	Glycerophospholipids	Glycerophosphoethanolamines	Fatty acids	mzspec:GNPS:GNPS-LIBRARY:CCMSLIB00003139324
CCMSLIB00003138590	53133	spectra_filtered.mgf	GNPS-NIST14-MATCHES.mgf	0.790102	1650110.0	0	3.68557	5	0.000549316	149.046	-1	temp/spectra_filtered.mgf53133	53133	1	Spectral Match to D-Lyxose from NIST14	ESI	QQQ	Isolated	Data from Kevin Bush	Data deposited by fevargas	M-H	149.045	150.053	1	1114347	N/A	C1[C@H]([C@@H]([C@@H](C(O1)O)O)O)O	"InChI=1S/C5H10O5/c6-2-1-10-5(9)4(8)3(2)7/h2-9H,1H2/t2-,3+,4+,5?/m1/s1"	N/A	3	Negative	GNPS-NIST14-MATCHES	149.045	UPDATE-SINGLE-ANNOTATED-BRONZE	Bronze		C5H10O5	SRBFZHDQGSBBOR-AGQMPKSLSA-N	SRBFZHDQGSBBOR	Organic oxygen compounds	Organooxygen compounds	Carbohydrates and carbohydrate conjugates	Saccharides	Monosaccharides	Carbohydrates	mzspec:GNPS:GNPS-LIBRARY:CCMSLIB00003138590
CCMSLIB00010059732	3479	spectra_filtered.mgf	PNNL-LIPIDS-NEGATIVE.mgf	0.789885	5857030.0	0	1.8663	9	0.00134277	719.487	-1	temp/spectra_filtered.mgf3479	3479	1	PG(16:0/16:1); [M-H]- C38H72O10P1	LC-ESI	HCD; Lumos	Commercial	Thomas Metz	Thomas Metz	M-H	719.486	0.0	1	N/A	N/A	N/A	N/A	N/A	1	Negative	PNNL-LIPIDS-NEGATIVE	719.486	UPDATE-SINGLE-ANNOTATED-GOLD	Gold		N/A	N/A	N/A	N/A	N/A	N/A	N/A	N/A	N/A	mzspec:GNPS:GNPS-LIBRARY:CCMSLIB00010059732
CCMSLIB00003138590	54162	spectra_filtered.mgf	GNPS-NIST14-MATCHES.mgf	0.789289	628951.0	0	3.68557	5	0.000549316	149.046	-1	temp/spectra_filtered.mgf54162	54162	1	Spectral Match to D-Lyxose from NIST14	ESI	QQQ	Isolated	Data from Kevin Bush	Data deposited by fevargas	M-H	149.045	150.053	1	1114347	N/A	C1[C@H]([C@@H]([C@@H](C(O1)O)O)O)O	"InChI=1S/C5H10O5/c6-2-1-10-5(9)4(8)3(2)7/h2-9H,1H2/t2-,3+,4+,5?/m1/s1"	N/A	3	Negative	GNPS-NIST14-MATCHES	149.045	UPDATE-SINGLE-ANNOTATED-BRONZE	Bronze		C5H10O5	SRBFZHDQGSBBOR-AGQMPKSLSA-N	SRBFZHDQGSBBOR	Organic oxygen compounds	Organooxygen compounds	Carbohydrates and carbohydrate conjugates	Saccharides	Monosaccharides	Carbohydrates	mzspec:GNPS:GNPS-LIBRARY:CCMSLIB00003138590
CCMSLIB00006126515	56176	spectra_filtered.mgf	BIRMINGHAM-UHPLC-MS-NEG.mgf	0.789005	323198.0	0	0.731355	5	0.000106812	146.046	-1	temp/spectra_filtered.mgf56176	56176	1	O-Acetyl-L-serine - 40.0 eV	ESI	Orbitrap	Isolated	PI	Data Collector	M-H	146.046	0.0	1		N/A	CC(=O)OC[C@@H](C(=O)O)N	"InChI=1S/C5H9NO4/c1-3(7)10-2-4(6)5(8)9/h4H,2,6H2,1H3,(H,8,9)/t4-/m0/s1"	N/A	1	Negative	BIRMINGHAM-UHPLC-MS-NEG	146.046	UPDATE-SINGLE-ANNOTATED-GOLD	Gold		C5H9NO4	VZXPDPZARILFQX-BYPYZUCNSA-N	VZXPDPZARILFQX	Organic acids and derivatives	Carboxylic acids and derivatives	"Amino acids, peptides, and analogues"	Small peptides	Aminoacids	Amino acids and Peptides	mzspec:GNPS:GNPS-LIBRARY:CCMSLIB00006126515
CCMSLIB00005740058	22224	spectra_filtered.mgf	MASSBANK.mgf	0.783967	643652.0	0	4.76853	9	0.00146484	307.191	-1	temp/spectra_filtered.mgf22224	22224	1	Massbank:PR309076 FA 18:4+2O	ESI	qTof	Isolated	Massbank	Massbank	M-H	307.19	0.0	1	N/A	N/A	O=C(O)CCCCCCCC(=O)C=CC=CC=CC(O)CC	"1S/C18H28O4/c1-2-16(19)12-8-6-7-10-14-17(20)13-9-4-3-5-11-15-18(21)22/h6-8,10,12,14,16,19H,2-5,9,11,13,15H2,1H3,(H,21,22)"	N/A	3	Negative	MASSBANK	307.19	UPDATE-SINGLE-ANNOTATED-BRONZE	Bronze		C18H28O4	KLFMLBSZQZVKDC-UHFFFAOYSA-N	KLFMLBSZQZVKDC	Lipids and lipid-like molecules	Fatty Acyls	Lineolic acids and derivatives	Fatty Acids and Conjugates	Oxo fatty acids	Fatty acids	mzspec:GNPS:GNPS-LIBRARY:CCMSLIB00005740058
CCMSLIB00012428470	34362	spectra_filtered.mgf	MSNLIB-NEGATIVE.mgf	0.783781	585765.0	0	0.428657	9	0.000183105	427.161	-1	temp/spectra_filtered.mgf34362	34362	1	CHEBI:167770	ESI	Orbitrap	Isolated	Tomas Pluskal	Corinna Brungs	[M-H]-	427.161	428.168	1	N/A	N/A	CC(O)(CC(=O)O)CC(=O)O[C@@H]1[C@@H](O)[C@H](OCCc2ccccc2)O[C@H](CO)[C@H]1O	"InChI=1S/C20H28O10/c1-20(27,9-14(22)23)10-15(24)30-18-16(25)13(11-21)29-19(17(18)26)28-8-7-12-5-3-2-4-6-12/h2-6,13,16-19,21,25-27H,7-11H2,1H3,(H,22,23)/t13-,16-,17-,18+,19-,20?/m1/s1"	WGMNBGJQXOIVGA-HJVQXQJGSA-N	1	Negative	MSNLIB-NEGATIVE	427.161	UPDATE-SINGLE-ANNOTATED-GOLD	Gold		C20H28O10	WGMNBGJQXOIVGA-HJVQXQJGSA-N	WGMNBGJQXOIVGA	N/A	N/A	N/A				mzspec:GNPS:GNPS-LIBRARY:CCMSLIB00012428470
CCMSLIB00012428476	21602	spectra_filtered.mgf	MSNLIB-NEGATIVE.mgf	0.782187	347082.0	0	2.28617	7	0.000976562	427.162	-1	temp/spectra_filtered.mgf21602	21602	1	CHEBI:167770	ESI	Orbitrap	Isolated	Tomas Pluskal	Corinna Brungs	[M-H]-	427.161	428.168	1	N/A	N/A	CC(O)(CC(=O)O)CC(=O)O[C@@H]1[C@@H](O)[C@H](OCCc2ccccc2)O[C@H](CO)[C@H]1O	"InChI=1S/C20H28O10/c1-20(27,9-14(22)23)10-15(24)30-18-16(25)13(11-21)29-19(17(18)26)28-8-7-12-5-3-2-4-6-12/h2-6,13,16-19,21,25-27H,7-11H2,1H3,(H,22,23)/t13-,16-,17-,18+,19-,20?/m1/s1"	WGMNBGJQXOIVGA-HJVQXQJGSA-N	1	Negative	MSNLIB-NEGATIVE	427.161	UPDATE-SINGLE-ANNOTATED-GOLD	Gold		C20H28O10	WGMNBGJQXOIVGA-HJVQXQJGSA-N	WGMNBGJQXOIVGA	N/A	N/A	N/A				mzspec:GNPS:GNPS-LIBRARY:CCMSLIB00012428476
CCMSLIB00012296953	55049	spectra_filtered.mgf	MSNLIB-NEGATIVE.mgf	0.782113	2017170.0	0	0.626876	5	9.15527E-05	146.046	-1	temp/spectra_filtered.mgf55049	55049	1	O-acetyl-L-serine	ESI	Orbitrap	Crude	Tomas Pluskal	Corinna Brungs	[M-H]-	146.046	147.053	1	N/A	N/A	CC(=O)OC[C@H](N)C(=O)O	"InChI=1S/C5H9NO4/c1-3(7)10-2-4(6)5(8)9/h4H,2,6H2,1H3,(H,8,9)/t4-/m0/s1"	VZXPDPZARILFQX-BYPYZUCNSA-N	1	Negative	MSNLIB-NEGATIVE	146.046	UPDATE-SINGLE-ANNOTATED-GOLD	Gold		C5H9NO4	VZXPDPZARILFQX-BYPYZUCNSA-N	VZXPDPZARILFQX	Organic acids and derivatives	Carboxylic acids and derivatives	"Amino acids, peptides, and analogues"	Small peptides	Aminoacids	Amino acids and Peptides	mzspec:GNPS:GNPS-LIBRARY:CCMSLIB00012296953
CCMSLIB00012408842	13920	spectra_filtered.mgf	MSNLIB-NEGATIVE.mgf	0.781433	778650.0	0	0.422733	7	0.000213623	505.338	-1	temp/spectra_filtered.mgf13920	13920	1	"NCGC00384950-01!19-hydroxy-18-[3,4,5-trihydroxy-6-(hydroxymethyl)oxan-2-yl]oxyicosanoic acid"	ESI	Orbitrap	Isolated	Tomas Pluskal	Corinna Brungs	[M-H]-	505.338	506.345	1	N/A	N/A	CC(O)C(CCCCCCCCCCCCCCCCC(=O)O)OC1OC(CO)C(O)C(O)C1O	"InChI=1S/C26H50O9/c1-19(28)20(34-26-25(33)24(32)23(31)21(18-27)35-26)16-14-12-10-8-6-4-2-3-5-7-9-11-13-15-17-22(29)30/h19-21,23-28,31-33H,2-18H2,1H3,(H,29,30)"	GYUCMTKUEQLBJW-UHFFFAOYSA-N	1	Negative	MSNLIB-NEGATIVE	505.338	UPDATE-SINGLE-ANNOTATED-GOLD	Gold		C26H50O9	GYUCMTKUEQLBJW-UHFFFAOYSA-N	GYUCMTKUEQLBJW	N/A	N/A	N/A	Fatty acyl glycosides	Fatty acyl glycosides of mono- and disaccharides	Fatty acids	mzspec:GNPS:GNPS-LIBRARY:CCMSLIB00012408842
CCMSLIB00005740058	29902	spectra_filtered.mgf	MASSBANK.mgf	0.78134	121479.0	0	4.76853	7	0.00146484	307.191	-1	temp/spectra_filtered.mgf29902	29902	1	Massbank:PR309076 FA 18:4+2O	ESI	qTof	Isolated	Massbank	Massbank	M-H	307.19	0.0	1	N/A	N/A	O=C(O)CCCCCCCC(=O)C=CC=CC=CC(O)CC	"1S/C18H28O4/c1-2-16(19)12-8-6-7-10-14-17(20)13-9-4-3-5-11-15-18(21)22/h6-8,10,12,14,16,19H,2-5,9,11,13,15H2,1H3,(H,21,22)"	N/A	3	Negative	MASSBANK	307.19	UPDATE-SINGLE-ANNOTATED-BRONZE	Bronze		C18H28O4	KLFMLBSZQZVKDC-UHFFFAOYSA-N	KLFMLBSZQZVKDC	Lipids and lipid-like molecules	Fatty Acyls	Lineolic acids and derivatives	Fatty Acids and Conjugates	Oxo fatty acids	Fatty acids	mzspec:GNPS:GNPS-LIBRARY:CCMSLIB00005740058
CCMSLIB00006115535	59195	spectra_filtered.mgf	BIRMINGHAM-UHPLC-MS-NEG.mgf	0.779948	457959.0	0	0.697302	5	0.00012207	175.061	-1	temp/spectra_filtered.mgf59195	59195	1	isopropylmalic acid - 40.0 eV	ESI	Orbitrap	Isolated	PI	Data Collector	M-H	175.061	0.0	1		N/A	CC(C)C(CC(=O)O)(C(=O)O)O	"InChI=1S/C7H12O5/c1-4(2)7(12,6(10)11)3-5(8)9/h4,12H,3H2,1-2H3,(H,8,9)(H,10,11)"	N/A	1	Negative	BIRMINGHAM-UHPLC-MS-NEG	175.061	UPDATE-SINGLE-ANNOTATED-GOLD	Gold		C7H12O5	BITYXLXUCSKTJS-UHFFFAOYSA-N	BITYXLXUCSKTJS	Lipids and lipid-like molecules	Fatty Acyls	Fatty acids and conjugates	Fatty Acids and Conjugates	Dicarboxylic acids	Fatty acids	mzspec:GNPS:GNPS-LIBRARY:CCMSLIB00006115535
CCMSLIB00006125076	59553	spectra_filtered.mgf	BIRMINGHAM-UHPLC-MS-NEG.mgf	0.779761	250928.0	0	0.496532	6	0.000106812	215.115	-1	temp/spectra_filtered.mgf59553	59553	1	ACETYL ARGININE - 40.0 eV	ESI	Orbitrap	Isolated	PI	Data Collector	M-H	215.115	0.0	1		N/A	CC(=O)N[C@@H](CCCNC(=N)N)C(=O)O	"InChI=1S/C8H16N4O3/c1-5(13)12-6(7(14)15)3-2-4-11-8(9)10/h6H,2-4H2,1H3,(H,12,13)(H,14,15)(H4,9,10,11)/t6-/m0/s1"	N/A	1	Negative	BIRMINGHAM-UHPLC-MS-NEG	215.115	UPDATE-SINGLE-ANNOTATED-GOLD	Gold		C8H16N4O3	SNEIUMQYRCDYCH-LURJTMIESA-N	SNEIUMQYRCDYCH	Organic acids and derivatives	Carboxylic acids and derivatives	"Amino acids, peptides, and analogues"	Small peptides	Dipeptides	Amino acids and Peptides	mzspec:GNPS:GNPS-LIBRARY:CCMSLIB00006125076
CCMSLIB00012428596	51289	spectra_filtered.mgf	MSNLIB-NEGATIVE.mgf	0.778644	176424.0	0	0.678013	5	0.000213623	315.072	-1	temp/spectra_filtered.mgf51289	51289	1	gentisic acid 5-O-beta-glucoside	ESI	Orbitrap	Isolated	Tomas Pluskal	Corinna Brungs	[M-H]-	315.072	316.079	1	N/A	N/A	O=C(O)c1c(O)ccc(O[C@@H]2O[C@H](CO)[C@@H](O)[C@H](O)[C@H]2O)c1	"InChI=1S/C13H16O9/c14-4-8-9(16)10(17)11(18)13(22-8)21-5-1-2-7(15)6(3-5)12(19)20/h1-3,8-11,13-18H,4H2,(H,19,20)/t8-,9-,10+,11-,13-/m1/s1"	CBTFERBMQQAROP-BZNQNGANSA-N	1	Negative	MSNLIB-NEGATIVE	315.072	UPDATE-SINGLE-ANNOTATED-GOLD	Gold		C13H16O9	CBTFERBMQQAROP-BZNQNGANSA-N	CBTFERBMQQAROP	Organic oxygen compounds	Organooxygen compounds	Carbohydrates and carbohydrate conjugates	Phenolic acids (C6-C1)	Simple phenolic acids	Shikimates and Phenylpropanoids	mzspec:GNPS:GNPS-LIBRARY:CCMSLIB00012428596
CCMSLIB00005736855	23953	spectra_filtered.mgf	MASSBANK.mgf	0.777757	581943.0	0	4.02707	8	0.00299072	742.657	-1	temp/spectra_filtered.mgf23953	23953	1	Massbank:LQB00006 Cer[AP] t42:0	ESI	qTof	Isolated	Massbank	Massbank	M+CH3COOH-H	742.654	0.0	1	N/A	N/A	CCCCCCCCCCCCCCCCCCCCCCC(O)C(=O)NC(CO)C(O)C(O)CCCCCCCCCCCCCC	"1S/C42H85NO5/c1-3-5-7-9-11-13-15-17-18-19-20-21-22-23-24-26-28-30-32-34-36-40(46)42(48)43-38(37-44)41(47)39(45)35-33-31-29-27-25-16-14-12-10-8-6-4-2/h38-41,44-47H,3-37H2,1-2H3,(H,43,48)"	N/A	3	Negative	MASSBANK	742.654	UPDATE-SINGLE-ANNOTATED-BRONZE	Bronze		C42H85NO5	ZFUXWVVVWGWGPQ-UHFFFAOYSA-N	ZFUXWVVVWGWGPQ	Lipids and lipid-like molecules	Sphingolipids	Ceramides	Sphingolipids	Ceramides	Fatty acids	mzspec:GNPS:GNPS-LIBRARY:CCMSLIB00005736855
CCMSLIB00004694506	57076	spectra_filtered.mgf	MONA.mgf	0.774331	225148.0	0	1.73492	5	0.000366211	211.082	-1	temp/spectra_filtered.mgf57076	57076	1	Perseitol	N/A	ESI-QFT	isolated	MoNA	MoNA:VF-NPL-QEHF003443	[M-H]-	211.082	0.0	1	N/A	N/A	OCC(O)C(O)C(O)C(O)C(O)CO	"InChI=1S/C7H16O7/c8-1-3(10)5(12)7(14)6(13)4(11)2-9/h3-14H,1-2H2"	N/A	3	negative	MONA	211.082	UPDATE-SINGLE-ANNOTATED-BRONZE	Bronze		C7H16O7	OXQKEKGBFMQTML-UHFFFAOYSA-N	OXQKEKGBFMQTML	Organic oxygen compounds	Organooxygen compounds	Carbohydrates and carbohydrate conjugates	Saccharides	Monosaccharides	Carbohydrates	mzspec:GNPS:GNPS-LIBRARY:CCMSLIB00004694506
CCMSLIB00012351663	41595	spectra_filtered.mgf	MSNLIB-NEGATIVE.mgf	0.771832	146610.0	0	2.49946	5	0.000442505	177.04	-1	temp/spectra_filtered.mgf41595	41595	1	L-Gulonolactone	ESI	Orbitrap	Crude	Tomas Pluskal	Corinna Brungs	[M-H]-	177.04	178.048	1	N/A	N/A	O=C1O[C@H]([C@@H](O)CO)[C@H](O)[C@@H]1O	"InChI=1S/C6H10O6/c7-1-2(8)5-3(9)4(10)6(11)12-5/h2-5,7-10H,1H2/t2-,3+,4-,5+/m0/s1"	SXZYCXMUPBBULW-SKNVOMKLSA-N	1	Negative	MSNLIB-NEGATIVE	177.04	UPDATE-SINGLE-ANNOTATED-GOLD	Gold		C6H10O6	SXZYCXMUPBBULW-SKNVOMKLSA-N	SXZYCXMUPBBULW	Organoheterocyclic compounds	Lactones	Gamma butyrolactones			Carbohydrates	mzspec:GNPS:GNPS-LIBRARY:CCMSLIB00012351663
CCMSLIB00005788087	11262	spectra_filtered.mgf	GNPS-LIBRARY.mgf	0.769636	1433080.0	0	0.295607	8	0.000183105	619.422	-1	temp/spectra_filtered.mgf11262	11262	1	Bafilomycin J putative	LC-ESI	Orbitrap	Crude	Tahlan	 	M-H	619.422	0.0	1	 	 	CC1CC(=CC=CC(C(OC(=O)C(=CC(=CC(C1O)C)C)C)C(C)C(C(C)C2(CC(C(C(O2)C(C)C)C)OC)O)O)OC)C	"InChI=1S/C36H60O8/c1-20(2)33-26(8)30(42-12)19-36(40,44-33)28(10)32(38)27(9)34-29(41-11)15-13-14-21(3)16-23(5)31(37)24(6)17-22(4)18-25(7)35(39)43-34/h13-15,17-18,20,23-24,26-34,37-38,40H,16,19H2,1-12H3"	 	3	Negative	GNPS-LIBRARY	619.422	UPDATE-SINGLE-ANNOTATED-BRONZE	Bronze		C36H60O8	PHNJREQYDLKYEB-UHFFFAOYSA-N	PHNJREQYDLKYEB	N/A	N/A	N/A	Macrolides	Bafilomycins	Polyketides	mzspec:GNPS:GNPS-LIBRARY:CCMSLIB00005788087
CCMSLIB00006683474	60748	spectra_filtered.mgf	MONA.mgf	0.766274	1400950.0	0	80.8935	6	0.0141602	175.061	-1	temp/spectra_filtered.mgf60748	60748	1	ALLANTOIC ACID	ESI	qTof	isolated	MoNA	MoNA:MoNA035212	M-H	175.047	0.0	1	N/A	N/A	C(C(=O)O)(NC(=N)O)NC(=N)O	"""InChI=1S/C4H8N4O4/c5-3(11)7-1(2(9)10)8-4(6)12/h1H,(H,9,10)(H3,5,7,11)(H3,6,8,12)"""	N/A	3	negative	MONA	175.047	UPDATE-SINGLE-ANNOTATED-BRONZE	Bronze		C4H8N4O4	NUCLJNSWZCHRKL-UHFFFAOYSA-N	NUCLJNSWZCHRKL	Organic acids and derivatives	Carboxylic acids and derivatives	"Amino acids, peptides, and analogues"	Small peptides	Aminoacids	Amino acids and Peptides	mzspec:GNPS:GNPS-LIBRARY:CCMSLIB00006683474
CCMSLIB00004691991	22021	spectra_filtered.mgf	MONA.mgf	0.765699	271089.0	0	0.0	7	0.0	269.103	-1	temp/spectra_filtered.mgf22021	22021	1	"11,22-dimethyl (6E,17E)-3,14-dioxo-8,19-bis({[(2S,3R,4S,5S,6R)-3,4,5-trihydroxy-6-(hydroxymethyl)oxan-2-yl]oxy})-4,9,15,20-tetraoxatricyclo[16.4.0.0?,ą˛]docosa-6,10,17,21-tetraene-11,22-dicarboxylate"	N/A	ESI-QFT	isolated	MoNA	MoNA:VF-NPL-QEHF000928	[M-H]-	269.103	0.0	1	N/A	N/A	OC[C@H]1O[C@@H](OCc2ccccc2)[C@H](O)[C@@H](O)[C@@H]1O	"InChI=1S/C13H18O6/c14-6-9-10(15)11(16)12(17)13(19-9)18-7-8-4-2-1-3-5-8/h1-5,9-17H,6-7H2/t9-,10-,11+,12-,13-/m1/s1"	N/A	3	negative	MONA	269.103	UPDATE-SINGLE-ANNOTATED-BRONZE	Bronze		C13H18O6	GKHCBYYBLTXYEV-UJPOAAIJSA-N	GKHCBYYBLTXYEV	Organic oxygen compounds	Organooxygen compounds	Carbohydrates and carbohydrate conjugates			Shikimates and Phenylpropanoids	mzspec:GNPS:GNPS-LIBRARY:CCMSLIB00004691991
CCMSLIB00004694506	58500	spectra_filtered.mgf	MONA.mgf	0.765012	291693.0	0	2.02408	5	0.000427246	211.082	-1	temp/spectra_filtered.mgf58500	58500	1	Perseitol	N/A	ESI-QFT	isolated	MoNA	MoNA:VF-NPL-QEHF003443	[M-H]-	211.082	0.0	1	N/A	N/A	OCC(O)C(O)C(O)C(O)C(O)CO	"InChI=1S/C7H16O7/c8-1-3(10)5(12)7(14)6(13)4(11)2-9/h3-14H,1-2H2"	N/A	3	negative	MONA	211.082	UPDATE-SINGLE-ANNOTATED-BRONZE	Bronze		C7H16O7	OXQKEKGBFMQTML-UHFFFAOYSA-N	OXQKEKGBFMQTML	Organic oxygen compounds	Organooxygen compounds	Carbohydrates and carbohydrate conjugates	Saccharides	Monosaccharides	Carbohydrates	mzspec:GNPS:GNPS-LIBRARY:CCMSLIB00004694506
CCMSLIB00006677215	38416	spectra_filtered.mgf	GNPS-NUTRI-METAB-FEM-NEG.mgf	0.764052	185516.0	0	0.0913508	5	1.52588E-05	167.035	-1	temp/spectra_filtered.mgf38416	38416	1	4_hydroxy_benzoic_acid_Vanillic acid	ESI	Orbitrap	Commercial	Ulaszewska	Marynka Ulaszewska	M-H	167.035	168.042	-1	121-34-6	8468.0	COC1=C(C=CC(=C1)C(=O)O)O	"InChI=1S/C8H8O4/c1-12-7-4-5(8(10)11)2-3-6(7)9/h2-4,9H,1H3,(H,10,11)"	N/A	1	Negative	GNPS-NUTRI-METAB-FEM-NEG	167.035	UPDATE-SINGLE-ANNOTATED-GOLD	Gold		C8H8O4	WKOLLVMJNQIZCI-UHFFFAOYSA-N	WKOLLVMJNQIZCI	Benzenoids	Benzene and substituted derivatives	Benzoic acids and derivatives	Phenolic acids (C6-C1)|Phenylpropanoids (C6-C3)	Cinnamic acids and derivatives|Simple phenolic acids	Shikimates and Phenylpropanoids	mzspec:GNPS:GNPS-LIBRARY:CCMSLIB00006677215
CCMSLIB00012402948	5758	spectra_filtered.mgf	MSNLIB-NEGATIVE.mgf	0.763909	259698.0	0	4.95177	10	0.00189209	382.106	-1	temp/spectra_filtered.mgf5758	5758	1	2-[[1-(4-nitrobenzoyl)pyrrolidine-2-carbonyl]amino]benzoic acid	ESI	Orbitrap	Isolated	Tomas Pluskal	Corinna Brungs	[M-H]-	382.104	383.112	1	N/A	N/A	O=C(O)c1ccccc1NC(=O)C1CCCN1C(=O)c1ccc([N+](=O)[O-])cc1	"InChI=1S/C19H17N3O6/c23-17(20-15-5-2-1-4-14(15)19(25)26)16-6-3-11-21(16)18(24)12-7-9-13(10-8-12)22(27)28/h1-2,4-5,7-10,16H,3,6,11H2,(H,20,23)(H,25,26)"	IXQCQOLLSMIABK-UHFFFAOYSA-N	1	Negative	MSNLIB-NEGATIVE	382.104	UPDATE-SINGLE-ANNOTATED-GOLD	Gold		N/A	IXQCQOLLSMIABK-UHFFFAOYSA-N	IXQCQOLLSMIABK	Benzenoids	Benzene and substituted derivatives	Benzoic acids and derivatives	N/A	N/A	N/A	mzspec:GNPS:GNPS-LIBRARY:CCMSLIB00012402948
CCMSLIB00010007901	40908	spectra_filtered.mgf	GNPS-SAM-SIK-KANG-LEGACY-LIBRARY.mgf	0.763426	1058830.0	0	1.19277	5	0.000289917	243.062	-1	temp/spectra_filtered.mgf40908	40908	1	uridine	LC-ESI	qTof	Isolated	Sang Hee SHIM Kyo Bin Kang	Eunah JEONG Seungju SON	M-H	243.062	244.07	1	58-96-8	N/A	C1=CN(C(=O)NC1=O)[C@H]2[C@@H]([C@@H]([C@H](O2)CO)O)O	"""1S/C9H12N2O6/c12-3-4-6(14)7(15)8(17-4)11-2-1-5(13)10-9(11)16/h1-2,4,6-8,12,14-15H,3H2,(H,10,13,16)/t4-,6-,7-,8-/m1/s1"""	N/A	1	Negative	GNPS-SAM-SIK-KANG-LEGACY-LIBRARY	243.062	UPDATE-SINGLE-ANNOTATED-GOLD	Gold		C9H12N2O6	DRTQHJPVMGBUCF-XVFCMESISA-N	DRTQHJPVMGBUCF	N/A	N/A	N/A	Nucleosides	Pyrimidine nucleos(t)ides	Carbohydrates	mzspec:GNPS:GNPS-LIBRARY:CCMSLIB00010007901
CCMSLIB00012424149	32095	spectra_filtered.mgf	MSNLIB-NEGATIVE.mgf	0.761699	2936770.0	0	1.24696	10	0.000457764	367.103	-1	temp/spectra_filtered.mgf32095	32095	1	4-Feruloylquinic acid	ESI	Orbitrap	Isolated	Tomas Pluskal	Corinna Brungs	[M-H]-	367.103	368.111	1	N/A	N/A	COc1c(O)ccc(/C=C/C(=O)OC2[C@H](O)CC(O)(C(=O)O)C[C@H]2O)c1	"InChI=1S/C17H20O9/c1-25-13-6-9(2-4-10(13)18)3-5-14(21)26-15-11(19)7-17(24,16(22)23)8-12(15)20/h2-6,11-12,15,18-20,24H,7-8H2,1H3,(H,22,23)/b5-3+/t11-,12-,15?,17?/m1/s1"	VTMFDSJJVNQXLT-XQCMRRNBSA-N	1	Negative	MSNLIB-NEGATIVE	367.103	UPDATE-SINGLE-ANNOTATED-GOLD	Gold		C17H20O9	VTMFDSJJVNQXLT-XQCMRRNBSA-N	VTMFDSJJVNQXLT	Organic oxygen compounds	Organooxygen compounds	Alcohols and polyols	Phenylpropanoids (C6-C3)	Cinnamic acids and derivatives	Shikimates and Phenylpropanoids	mzspec:GNPS:GNPS-LIBRARY:CCMSLIB00012424149
CCMSLIB00005734694	12249	spectra_filtered.mgf	MASSBANK.mgf	0.760778	436626.0	0	1.76183	7	0.000488281	277.145	-1	temp/spectra_filtered.mgf12249	12249	1	"Massbank:EQ367051 Di-n-butyl phthalate|Dibutyl phthalate|dibutyl benzene-1,2-dicarboxylate"	ESI	Hybrid FT	Isolated	Massbank	Massbank	M-H	277.145	0.0	1	84-74-2	N/A	CCCCOC(=O)C1=CC=CC=C1C(=O)OCCCC	"1S/C16H22O4/c1-3-5-11-19-15(17)13-9-7-8-10-14(13)16(18)20-12-6-4-2/h7-10H,3-6,11-12H2,1-2H3"	N/A	3	Negative	MASSBANK	277.145	UPDATE-SINGLE-ANNOTATED-BRONZE	Bronze		C16H22O4	DOIRQSBPFJWKBE-UHFFFAOYSA-N	DOIRQSBPFJWKBE	Benzenoids	Benzene and substituted derivatives	Benzoic acids and derivatives	Phenolic acids (C6-C1)	Shikimic acids and derivatives|Simple phenolic acids	Shikimates and Phenylpropanoids	mzspec:GNPS:GNPS-LIBRARY:CCMSLIB00005734694
CCMSLIB00012411039	6295	spectra_filtered.mgf	MSNLIB-NEGATIVE.mgf	0.75975	3455080.0	0	0.859194	5	0.000183105	213.113	-1	temp/spectra_filtered.mgf6295	6295	1	(E)-2-Undecenedioic acid	ESI	Orbitrap	Isolated	Tomas Pluskal	Corinna Brungs	[M-H]-	213.113	214.121	1	N/A	N/A	O=C(O)/C=C/CCCCCCCC(=O)O	"InChI=1S/C11H18O4/c12-10(13)8-6-4-2-1-3-5-7-9-11(14)15/h6,8H,1-5,7,9H2,(H,12,13)(H,14,15)/b8-6+"	PRHYKPOPIDLQKJ-SOFGYWHQSA-N	1	Negative	MSNLIB-NEGATIVE	213.113	UPDATE-SINGLE-ANNOTATED-GOLD	Gold		C11H18O4	PRHYKPOPIDLQKJ-SOFGYWHQSA-N	PRHYKPOPIDLQKJ	Lipids and lipid-like molecules	Fatty Acyls	Fatty acids and conjugates	Fatty Acids and Conjugates	Dicarboxylic acids	Fatty acids	mzspec:GNPS:GNPS-LIBRARY:CCMSLIB00012411039
CCMSLIB00005724857	30692	spectra_filtered.mgf	GNPS-LIBRARY.mgf	0.757638	275606.0	0	0.839374	7	0.000274658	327.218	-1	temp/spectra_filtered.mgf30692	30692	1	"(10E,15E)-9,12,13-trihydroxyoctadeca-10,15-dienoic acid"	ESI	Orbitrap	Isolated	Wolfender	Luis Quiros-Guerrero	M-H	327.218	328.225	-1	N/A	N/A	CC/C=C/CC(C(/C=C/C(CCCCCCCC(O)=O)O)O)O	"InChI=1S/C18H32O5/c1-2-3-7-11-16(20)17(21)14-13-15(19)10-8-5-4-6-9-12-18(22)23/h3,7,13-17,19-21H,2,4-6,8-12H2,1H3,(H,22,23)"	N/A	1	Negative	GNPS-LIBRARY	327.218	UPDATE-SINGLE-ANNOTATED-GOLD	Gold		C18H32O5	MKYUCBXUUSZMQB-NMABCHCUSA-N	MKYUCBXUUSZMQB	Lipids and lipid-like molecules	Fatty Acyls	Lineolic acids and derivatives	Octadecanoids	Other Octadecanoids	Fatty acids	mzspec:GNPS:GNPS-LIBRARY:CCMSLIB00005724857
CCMSLIB00010059356	11602	spectra_filtered.mgf	PNNL-LIPIDS-NEGATIVE.mgf	0.75757	561684.0	0	0.788775	5	0.000366211	464.278	-1	temp/spectra_filtered.mgf11602	11602	1	PE(17:1/0:0); [M-H]- C22H43N1O7P1	LC-ESI	HCD; Lumos	Commercial	Thomas Metz	Thomas Metz	M-H	464.278	0.0	1	N/A	N/A	N/A	N/A	N/A	1	Negative	PNNL-LIPIDS-NEGATIVE	464.278	UPDATE-SINGLE-ANNOTATED-GOLD	Gold		N/A	N/A	N/A	N/A	N/A	N/A	N/A	N/A	N/A	mzspec:GNPS:GNPS-LIBRARY:CCMSLIB00010059356
CCMSLIB00004711668	28142	spectra_filtered.mgf	MONA.mgf	0.754794	4378580.0	0	0.137094	6	6.10352E-05	445.208	-1	temp/spectra_filtered.mgf28142	28142	1	"(Z)-2,6-dimethyl-7-(4-methyl-5-oxooxolan-2-yl)-3-[[3,4,5-trihydroxy-6-(hydroxymethyl)oxan-2-yl]oxymethyl]hept-5-enoic acid"	N/A	ESI-QFT	isolated	MoNA	MoNA:VF-NPL-QEHF020605	[M-H]-	445.208	0.0	1	N/A	N/A	C/C(=C/CC(COC1OC(CO)C(O)C(O)C1O)C(C)C(=O)O)CC1CC(C)C(=O)O1	"InChI=1S/C21H34O10/c1-10(6-14-7-11(2)20(28)30-14)4-5-13(12(3)19(26)27)9-29-21-18(25)17(24)16(23)15(8-22)31-21/h4,11-18,21-25H,5-9H2,1-3H3,(H,26,27)/b10-4-"	N/A	3	negative	MONA	445.208	UPDATE-SINGLE-ANNOTATED-BRONZE	Bronze		C21H34O10	QOIHIEPXTNMSSM-WMZJFQQLSA-N	QOIHIEPXTNMSSM	N/A	N/A	N/A	Linear polyketides	Open-chain polyketides	Polyketides	mzspec:GNPS:GNPS-LIBRARY:CCMSLIB00004711668
CCMSLIB00006681138	37986	spectra_filtered.mgf	MONA.mgf	0.753028	452395.0	0	2.84244	5	0.000457764	161.046	-1	temp/spectra_filtered.mgf37986	37986	1	2-HYDROXYHEXANEDIOIC ACID	ESI	qTof	isolated	MoNA	MoNA:MoNA035490	M-H	161.046	0.0	1	N/A	N/A	C(CC(C(=O)O)O)CC(=O)O	"""InChI=1S/C6H10O5/c7-4(6(10)11)2-1-3-5(8)9/h4,7H,1-3H2,(H,8,9)(H,10,11)"""	N/A	3	negative	MONA	161.046	UPDATE-SINGLE-ANNOTATED-BRONZE	Bronze		C6H10O5	OTTXIFWBPRRYOG-UHFFFAOYSA-N	OTTXIFWBPRRYOG	Lipids and lipid-like molecules	Fatty Acyls	Fatty acids and conjugates	Fatty Acids and Conjugates	Dicarboxylic acids	Fatty acids	mzspec:GNPS:GNPS-LIBRARY:CCMSLIB00006681138
CCMSLIB00005463991	63604	spectra_filtered.mgf	GNPS-MSMLS.mgf	0.749877	450381.0	0	130.763	5	0.0192261	147.049	-1	temp/spectra_filtered.mgf63604	63604	1	CITRAMALATE	ESI	Orbitrap	Commercial	Dorrestein	Kelly Weldon	M-H	147.03	148.037	-1	1030365-02-6 (ANHYDROUS)	N/A	CC(O)(CC(O)=O)C(O)=O	"""InChI=1S/C5H8O5/c1-5(10,4(8)9)2-3(6)7/h10H,2H2,1H3,(H,6,7)(H,8,9)"""	N/A	1	Negative	GNPS-MSMLS	147.03	UPDATE-SINGLE-ANNOTATED-GOLD	Gold		C5H8O5	XFTRTWQBIOMVPK-UHFFFAOYSA-N	XFTRTWQBIOMVPK	Lipids and lipid-like molecules	Fatty Acyls	Fatty acids and conjugates	Fatty Acids and Conjugates	Hydroxy fatty acids	Fatty acids	mzspec:GNPS:GNPS-LIBRARY:CCMSLIB00005463991
CCMSLIB00012422806	2859	spectra_filtered.mgf	MSNLIB-NEGATIVE.mgf	0.747421	8544770.0	0	0.826292	9	0.000366211	443.198	-1	temp/spectra_filtered.mgf2859	2859	1	Asperglaucide	ESI	Orbitrap	Isolated	Tomas Pluskal	Corinna Brungs	[M-H]-	443.198	444.205	1	N/A	N/A	CC(=O)OCC(Cc1ccccc1)NC(=O)C(Cc1ccccc1)NC(=O)c1ccccc1	"InChI=1S/C27H28N2O4/c1-20(30)33-19-24(17-21-11-5-2-6-12-21)28-27(32)25(18-22-13-7-3-8-14-22)29-26(31)23-15-9-4-10-16-23/h2-16,24-25H,17-19H2,1H3,(H,28,32)(H,29,31)"	VZPAURMDJZOGHU-UHFFFAOYSA-N	1	Negative	MSNLIB-NEGATIVE	443.198	UPDATE-SINGLE-ANNOTATED-GOLD	Gold		C27H28N2O4	VZPAURMDJZOGHU-UHFFFAOYSA-N	VZPAURMDJZOGHU	Organic acids and derivatives	Carboxylic acids and derivatives	"Amino acids, peptides, and analogues"	Small peptides	Dipeptides	Amino acids and Peptides	mzspec:GNPS:GNPS-LIBRARY:CCMSLIB00012422806
CCMSLIB00004691991	18341	spectra_filtered.mgf	MONA.mgf	0.745409	328721.0	0	0.0	6	0.0	269.103	-1	temp/spectra_filtered.mgf18341	18341	1	"11,22-dimethyl (6E,17E)-3,14-dioxo-8,19-bis({[(2S,3R,4S,5S,6R)-3,4,5-trihydroxy-6-(hydroxymethyl)oxan-2-yl]oxy})-4,9,15,20-tetraoxatricyclo[16.4.0.0?,ą˛]docosa-6,10,17,21-tetraene-11,22-dicarboxylate"	N/A	ESI-QFT	isolated	MoNA	MoNA:VF-NPL-QEHF000928	[M-H]-	269.103	0.0	1	N/A	N/A	OC[C@H]1O[C@@H](OCc2ccccc2)[C@H](O)[C@@H](O)[C@@H]1O	"InChI=1S/C13H18O6/c14-6-9-10(15)11(16)12(17)13(19-9)18-7-8-4-2-1-3-5-8/h1-5,9-17H,6-7H2/t9-,10-,11+,12-,13-/m1/s1"	N/A	3	negative	MONA	269.103	UPDATE-SINGLE-ANNOTATED-BRONZE	Bronze		C13H18O6	GKHCBYYBLTXYEV-UJPOAAIJSA-N	GKHCBYYBLTXYEV	Organic oxygen compounds	Organooxygen compounds	Carbohydrates and carbohydrate conjugates			Shikimates and Phenylpropanoids	mzspec:GNPS:GNPS-LIBRARY:CCMSLIB00004691991
CCMSLIB00006125035	49789	spectra_filtered.mgf	BIRMINGHAM-UHPLC-MS-NEG.mgf	0.744718	524826.0	0	121.088	5	0.0192566	159.049	-1	temp/spectra_filtered.mgf49789	49789	1	alpha-ketoadipic acid - 30.0 eV	ESI	Orbitrap	Isolated	PI	Data Collector	M-H	159.03	0.0	1		N/A	C(CC(=O)C(=O)O)CC(=O)O	"InChI=1S/C6H8O5/c7-4(6(10)11)2-1-3-5(8)9/h1-3H2,(H,8,9)(H,10,11)"	N/A	1	Negative	BIRMINGHAM-UHPLC-MS-NEG	159.03	UPDATE-SINGLE-ANNOTATED-GOLD	Gold		C6H8O5	FGSBNBBHOZHUBO-UHFFFAOYSA-N	FGSBNBBHOZHUBO	Organic acids and derivatives	Keto acids and derivatives	Medium-chain keto acids and derivatives	Fatty Acids and Conjugates	Dicarboxylic acids	Fatty acids	mzspec:GNPS:GNPS-LIBRARY:CCMSLIB00006125035
CCMSLIB00005736811	14211	spectra_filtered.mgf	MASSBANK.mgf	0.744611	1217750.0	0	0.256268	6	0.000183105	714.508	-1	temp/spectra_filtered.mgf14211	14211	1	Massbank:LQB00185 PE 34:2	ESI	qTof	Isolated	Massbank	Massbank	M-H	714.508	0.0	1	N/A	N/A	CCCCCCCC\C=C/CCCCCCCC(=O)OC(COC(=O)CCCCCCC\C=C/CCCCCC)COP(O)(=O)OCCN	"1S/C39H74NO8P/c1-3-5-7-9-11-13-15-17-18-20-22-24-26-28-30-32-39(42)48-37(36-47-49(43,44)46-34-33-40)35-45-38(41)31-29-27-25-23-21-19-16-14-12-10-8-6-4-2/h14,16-18,37H,3-13,15,19-36,40H2,1-2H3,(H,43,44)/b16-14-,18-17-"	N/A	3	Negative	MASSBANK	714.508	UPDATE-SINGLE-ANNOTATED-BRONZE	Bronze		C39H74NO8P	RAMNOXDFBNFSFC-LJSPAGPLSA-N	RAMNOXDFBNFSFC	Lipids and lipid-like molecules	Glycerophospholipids	Glycerophosphoethanolamines	Glycerophospholipids	Glycerophosphoethanolamines	Fatty acids	mzspec:GNPS:GNPS-LIBRARY:CCMSLIB00005736811
CCMSLIB00005463991	63502	spectra_filtered.mgf	GNPS-MSMLS.mgf	0.739283	623470.0	0	0.726461	5	0.000106812	147.03	-1	temp/spectra_filtered.mgf63502	63502	1	CITRAMALATE	ESI	Orbitrap	Commercial	Dorrestein	Kelly Weldon	M-H	147.03	148.037	-1	1030365-02-6 (ANHYDROUS)	N/A	CC(O)(CC(O)=O)C(O)=O	"""InChI=1S/C5H8O5/c1-5(10,4(8)9)2-3(6)7/h10H,2H2,1H3,(H,6,7)(H,8,9)"""	N/A	1	Negative	GNPS-MSMLS	147.03	UPDATE-SINGLE-ANNOTATED-GOLD	Gold		C5H8O5	XFTRTWQBIOMVPK-UHFFFAOYSA-N	XFTRTWQBIOMVPK	Lipids and lipid-like molecules	Fatty Acyls	Fatty acids and conjugates	Fatty Acids and Conjugates	Hydroxy fatty acids	Fatty acids	mzspec:GNPS:GNPS-LIBRARY:CCMSLIB00005463991
CCMSLIB00010081340	3391	spectra_filtered.mgf	PNNL-LIPIDS-NEGATIVE.mgf	0.738208	3767200.0	0	0.680559	5	0.000488281	717.471	-1	temp/spectra_filtered.mgf3391	3391	1	PG(16:1/16:1); [M-H]- C38H70O10P1	LC-ESI	HCD; Velos	Commercial	Thomas Metz	Thomas Metz	M-H	717.471	0.0	1	N/A	N/A	N/A	N/A	N/A	1	Negative	PNNL-LIPIDS-NEGATIVE	717.471	UPDATE-SINGLE-ANNOTATED-GOLD	Gold		N/A	N/A	N/A	N/A	N/A	N/A	N/A	N/A	N/A	mzspec:GNPS:GNPS-LIBRARY:CCMSLIB00010081340
CCMSLIB00012428476	24779	spectra_filtered.mgf	MSNLIB-NEGATIVE.mgf	0.736186	137386.0	0	2.35761	5	0.00100708	427.162	-1	temp/spectra_filtered.mgf24779	24779	1	CHEBI:167770	ESI	Orbitrap	Isolated	Tomas Pluskal	Corinna Brungs	[M-H]-	427.161	428.168	1	N/A	N/A	CC(O)(CC(=O)O)CC(=O)O[C@@H]1[C@@H](O)[C@H](OCCc2ccccc2)O[C@H](CO)[C@H]1O	"InChI=1S/C20H28O10/c1-20(27,9-14(22)23)10-15(24)30-18-16(25)13(11-21)29-19(17(18)26)28-8-7-12-5-3-2-4-6-12/h2-6,13,16-19,21,25-27H,7-11H2,1H3,(H,22,23)/t13-,16-,17-,18+,19-,20?/m1/s1"	WGMNBGJQXOIVGA-HJVQXQJGSA-N	1	Negative	MSNLIB-NEGATIVE	427.161	UPDATE-SINGLE-ANNOTATED-GOLD	Gold		C20H28O10	WGMNBGJQXOIVGA-HJVQXQJGSA-N	WGMNBGJQXOIVGA	N/A	N/A	N/A				mzspec:GNPS:GNPS-LIBRARY:CCMSLIB00012428476
CCMSLIB00012352106	53934	spectra_filtered.mgf	MSNLIB-NEGATIVE.mgf	0.734648	275505.0	0	73.0057	5	0.0150452	206.067	-1	temp/spectra_filtered.mgf53934	53934	1	N-Acetyl-L-phenylalanine	ESI	Orbitrap	Crude	Tomas Pluskal	Corinna Brungs	[M-H]-	206.082	207.09	1	N/A	N/A	CC(=O)N[C@@H](Cc1ccccc1)C(=O)O	"InChI=1S/C11H13NO3/c1-8(13)12-10(11(14)15)7-9-5-3-2-4-6-9/h2-6,10H,7H2,1H3,(H,12,13)(H,14,15)/t10-/m0/s1"	CBQJSKKFNMDLON-JTQLQIEISA-N	1	Negative	MSNLIB-NEGATIVE	206.082	UPDATE-SINGLE-ANNOTATED-GOLD	Gold		C11H13NO3	CBQJSKKFNMDLON-JTQLQIEISA-N	CBQJSKKFNMDLON	Organic acids and derivatives	Carboxylic acids and derivatives	"Amino acids, peptides, and analogues"	Small peptides	Dipeptides	Amino acids and Peptides	mzspec:GNPS:GNPS-LIBRARY:CCMSLIB00012352106
CCMSLIB00004694436	38731	spectra_filtered.mgf	MONA.mgf	0.734037	240435.0	0	2.63288	5	0.000518799	197.045	-1	temp/spectra_filtered.mgf38731	38731	1	Syringic Acid	N/A	ESI-QFT	isolated	MoNA	MoNA:VF-NPL-QEHF003373	[M-H]-	197.046	0.0	1	N/A	N/A	COc1cc(C(=O)O)cc(OC)c1O	"InChI=1S/C9H10O5/c1-13-6-3-5(9(11)12)4-7(14-2)8(6)10/h3-4,10H,1-2H3,(H,11,12)"	N/A	3	negative	MONA	197.046	UPDATE-SINGLE-ANNOTATED-BRONZE	Bronze		C9H10O5	JMSVCTWVEWCHDZ-UHFFFAOYSA-N	JMSVCTWVEWCHDZ	Benzenoids	Benzene and substituted derivatives	Benzoic acids and derivatives	Phenolic acids (C6-C1)	Simple phenolic acids	Shikimates and Phenylpropanoids	mzspec:GNPS:GNPS-LIBRARY:CCMSLIB00004694436
CCMSLIB00005737019	28689	spectra_filtered.mgf	MASSBANK.mgf	0.734015	478325.0	0	0.511094	6	0.000366211	716.524	-1	temp/spectra_filtered.mgf28689	28689	1	Massbank:LQB00175 PE 34:1	ESI	qTof	Isolated	Massbank	Massbank	M-H	716.524	0.0	1	N/A	N/A	CCCCCCCCCCCCCCCC(=O)OCC(COP(O)(=O)OCCN)OC(=O)CCCCCCC\C=C/CCCCCCCC	"1S/C39H76NO8P/c1-3-5-7-9-11-13-15-17-18-20-22-24-26-28-30-32-39(42)48-37(36-47-49(43,44)46-34-33-40)35-45-38(41)31-29-27-25-23-21-19-16-14-12-10-8-6-4-2/h17-18,37H,3-16,19-36,40H2,1-2H3,(H,43,44)/b18-17-"	N/A	3	Negative	MASSBANK	716.524	UPDATE-SINGLE-ANNOTATED-BRONZE	Bronze		C39H76NO8P	FHQVHHIBKUMWTI-ZCXUNETKSA-N	FHQVHHIBKUMWTI	Lipids and lipid-like molecules	Glycerophospholipids	Glycerophosphoethanolamines	Glycerophospholipids	Glycerophosphoethanolamines	Fatty acids	mzspec:GNPS:GNPS-LIBRARY:CCMSLIB00005737019
CCMSLIB00006115535	63330	spectra_filtered.mgf	BIRMINGHAM-UHPLC-MS-NEG.mgf	0.728352	163522.0	0	0.784464	5	0.000137329	175.061	-1	temp/spectra_filtered.mgf63330	63330	1	isopropylmalic acid - 40.0 eV	ESI	Orbitrap	Isolated	PI	Data Collector	M-H	175.061	0.0	1		N/A	CC(C)C(CC(=O)O)(C(=O)O)O	"InChI=1S/C7H12O5/c1-4(2)7(12,6(10)11)3-5(8)9/h4,12H,3H2,1-2H3,(H,8,9)(H,10,11)"	N/A	1	Negative	BIRMINGHAM-UHPLC-MS-NEG	175.061	UPDATE-SINGLE-ANNOTATED-GOLD	Gold		C7H12O5	BITYXLXUCSKTJS-UHFFFAOYSA-N	BITYXLXUCSKTJS	Lipids and lipid-like molecules	Fatty Acyls	Fatty acids and conjugates	Fatty Acids and Conjugates	Dicarboxylic acids	Fatty acids	mzspec:GNPS:GNPS-LIBRARY:CCMSLIB00006115535
CCMSLIB00010059136	26316	spectra_filtered.mgf	PNNL-LIPIDS-NEGATIVE.mgf	0.727735	1093050.0	0	1.30994	7	0.000976562	745.503	-1	temp/spectra_filtered.mgf26316	26316	1	PG(16:1/18:1); [M-H]- C40H74O10P1	LC-ESI	HCD; Lumos	Commercial	Thomas Metz	Thomas Metz	M-H	745.502	0.0	1	N/A	N/A	N/A	N/A	N/A	1	Negative	PNNL-LIPIDS-NEGATIVE	745.502	UPDATE-SINGLE-ANNOTATED-GOLD	Gold		N/A	N/A	N/A	N/A	N/A	N/A	N/A	N/A	N/A	mzspec:GNPS:GNPS-LIBRARY:CCMSLIB00010059136
CCMSLIB00005724857	27776	spectra_filtered.mgf	GNPS-LIBRARY.mgf	0.727462	37947500.0	0	0.839374	7	0.000274658	327.218	-1	temp/spectra_filtered.mgf27776	27776	1	"(10E,15E)-9,12,13-trihydroxyoctadeca-10,15-dienoic acid"	ESI	Orbitrap	Isolated	Wolfender	Luis Quiros-Guerrero	M-H	327.218	328.225	-1	N/A	N/A	CC/C=C/CC(C(/C=C/C(CCCCCCCC(O)=O)O)O)O	"InChI=1S/C18H32O5/c1-2-3-7-11-16(20)17(21)14-13-15(19)10-8-5-4-6-9-12-18(22)23/h3,7,13-17,19-21H,2,4-6,8-12H2,1H3,(H,22,23)"	N/A	1	Negative	GNPS-LIBRARY	327.218	UPDATE-SINGLE-ANNOTATED-GOLD	Gold		C18H32O5	MKYUCBXUUSZMQB-NMABCHCUSA-N	MKYUCBXUUSZMQB	Lipids and lipid-like molecules	Fatty Acyls	Lineolic acids and derivatives	Octadecanoids	Other Octadecanoids	Fatty acids	mzspec:GNPS:GNPS-LIBRARY:CCMSLIB00005724857
CCMSLIB00012412135	57978	spectra_filtered.mgf	MSNLIB-NEGATIVE.mgf	0.727418	584844.0	0	1.00418	9	0.000244141	243.124	-1	temp/spectra_filtered.mgf57978	57978	1	4-Oxododecanedioic acid	ESI	Orbitrap	Isolated	Tomas Pluskal	Corinna Brungs	[M-H]-	243.124	244.131	1	N/A	N/A	O=C(O)CCCCCCCC(=O)CCC(=O)O	"InChI=1S/C12H20O5/c13-10(8-9-12(16)17)6-4-2-1-3-5-7-11(14)15/h1-9H2,(H,14,15)(H,16,17)"	HHXMOTDTSDYYEI-UHFFFAOYSA-N	1	Negative	MSNLIB-NEGATIVE	243.124	UPDATE-SINGLE-ANNOTATED-GOLD	Gold		C12H20O5	HHXMOTDTSDYYEI-UHFFFAOYSA-N	HHXMOTDTSDYYEI	Organic acids and derivatives	Keto acids and derivatives	Medium-chain keto acids and derivatives	Fatty Acids and Conjugates	Dicarboxylic acids|Oxo fatty acids	Fatty acids	mzspec:GNPS:GNPS-LIBRARY:CCMSLIB00012412135
CCMSLIB00010059136	13208	spectra_filtered.mgf	PNNL-LIPIDS-NEGATIVE.mgf	0.727355	951435.0	0	0.982455	9	0.000732422	745.503	-1	temp/spectra_filtered.mgf13208	13208	1	PG(16:1/18:1); [M-H]- C40H74O10P1	LC-ESI	HCD; Lumos	Commercial	Thomas Metz	Thomas Metz	M-H	745.502	0.0	1	N/A	N/A	N/A	N/A	N/A	1	Negative	PNNL-LIPIDS-NEGATIVE	745.502	UPDATE-SINGLE-ANNOTATED-GOLD	Gold		N/A	N/A	N/A	N/A	N/A	N/A	N/A	N/A	N/A	mzspec:GNPS:GNPS-LIBRARY:CCMSLIB00010059136
CCMSLIB00012422817	2739	spectra_filtered.mgf	MSNLIB-NEGATIVE.mgf	0.727137	2834400.0	0	0.124764	9	6.10352E-05	489.203	-1	temp/spectra_filtered.mgf2739	2739	1	Asperglaucide	ESI	Orbitrap	Isolated	Tomas Pluskal	Corinna Brungs	[M+FA]-	489.203	444.205	1	N/A	N/A	CC(=O)OCC(Cc1ccccc1)NC(=O)C(Cc1ccccc1)NC(=O)c1ccccc1	"InChI=1S/C27H28N2O4/c1-20(30)33-19-24(17-21-11-5-2-6-12-21)28-27(32)25(18-22-13-7-3-8-14-22)29-26(31)23-15-9-4-10-16-23/h2-16,24-25H,17-19H2,1H3,(H,28,32)(H,29,31)"	VZPAURMDJZOGHU-UHFFFAOYSA-N	1	Negative	MSNLIB-NEGATIVE	489.203	UPDATE-SINGLE-ANNOTATED-GOLD	Gold		C27H28N2O4	VZPAURMDJZOGHU-UHFFFAOYSA-N	VZPAURMDJZOGHU	Organic acids and derivatives	Carboxylic acids and derivatives	"Amino acids, peptides, and analogues"	Small peptides	Dipeptides	Amino acids and Peptides	mzspec:GNPS:GNPS-LIBRARY:CCMSLIB00012422817
CCMSLIB00010081340	9332	spectra_filtered.mgf	PNNL-LIPIDS-NEGATIVE.mgf	0.719939	1330870.0	0	0.765629	5	0.000549316	717.472	-1	temp/spectra_filtered.mgf9332	9332	1	PG(16:1/16:1); [M-H]- C38H70O10P1	LC-ESI	HCD; Velos	Commercial	Thomas Metz	Thomas Metz	M-H	717.471	0.0	1	N/A	N/A	N/A	N/A	N/A	1	Negative	PNNL-LIPIDS-NEGATIVE	717.471	UPDATE-SINGLE-ANNOTATED-GOLD	Gold		N/A	N/A	N/A	N/A	N/A	N/A	N/A	N/A	N/A	mzspec:GNPS:GNPS-LIBRARY:CCMSLIB00010081340
CCMSLIB00005463991	66927	spectra_filtered.mgf	GNPS-MSMLS.mgf	0.718896	269020.0	0	0.622681	5	9.15527E-05	147.03	0	temp/spectra_filtered.mgf66927	66927	1	CITRAMALATE	ESI	Orbitrap	Commercial	Dorrestein	Kelly Weldon	M-H	147.03	148.037	-1	1030365-02-6 (ANHYDROUS)	N/A	CC(O)(CC(O)=O)C(O)=O	"""InChI=1S/C5H8O5/c1-5(10,4(8)9)2-3(6)7/h10H,2H2,1H3,(H,6,7)(H,8,9)"""	N/A	1	Negative	GNPS-MSMLS	147.03	UPDATE-SINGLE-ANNOTATED-GOLD	Gold		C5H8O5	XFTRTWQBIOMVPK-UHFFFAOYSA-N	XFTRTWQBIOMVPK	Lipids and lipid-like molecules	Fatty Acyls	Fatty acids and conjugates	Fatty Acids and Conjugates	Hydroxy fatty acids	Fatty acids	mzspec:GNPS:GNPS-LIBRARY:CCMSLIB00005463991
CCMSLIB00010067684	19582	spectra_filtered.mgf	PNNL-LIPIDS-NEGATIVE.mgf	0.718728	967302.0	0	1.45219	5	0.0010376	714.508	-1	temp/spectra_filtered.mgf19582	19582	1	PE(16:1/18:1); [M-H]- C39H73N1O8P1	LC-ESI	HCD; Velos	Commercial	Thomas Metz	Thomas Metz	M-H	714.507	0.0	1	N/A	N/A	N/A	N/A	N/A	1	Negative	PNNL-LIPIDS-NEGATIVE	714.507	UPDATE-SINGLE-ANNOTATED-GOLD	Gold		N/A	N/A	N/A	N/A	N/A	N/A	N/A	N/A	N/A	mzspec:GNPS:GNPS-LIBRARY:CCMSLIB00010067684
CCMSLIB00004711668	21204	spectra_filtered.mgf	MONA.mgf	0.716683	832475.0	0	0.20564	6	9.15527E-05	445.208	-1	temp/spectra_filtered.mgf21204	21204	1	"(Z)-2,6-dimethyl-7-(4-methyl-5-oxooxolan-2-yl)-3-[[3,4,5-trihydroxy-6-(hydroxymethyl)oxan-2-yl]oxymethyl]hept-5-enoic acid"	N/A	ESI-QFT	isolated	MoNA	MoNA:VF-NPL-QEHF020605	[M-H]-	445.208	0.0	1	N/A	N/A	C/C(=C/CC(COC1OC(CO)C(O)C(O)C1O)C(C)C(=O)O)CC1CC(C)C(=O)O1	"InChI=1S/C21H34O10/c1-10(6-14-7-11(2)20(28)30-14)4-5-13(12(3)19(26)27)9-29-21-18(25)17(24)16(23)15(8-22)31-21/h4,11-18,21-25H,5-9H2,1-3H3,(H,26,27)/b10-4-"	N/A	3	negative	MONA	445.208	UPDATE-SINGLE-ANNOTATED-BRONZE	Bronze		C21H34O10	QOIHIEPXTNMSSM-WMZJFQQLSA-N	QOIHIEPXTNMSSM	N/A	N/A	N/A	Linear polyketides	Open-chain polyketides	Polyketides	mzspec:GNPS:GNPS-LIBRARY:CCMSLIB00004711668
CCMSLIB00012408842	26194	spectra_filtered.mgf	MSNLIB-NEGATIVE.mgf	0.711425	194326.0	0	1.02664	5	0.000518799	505.339	-1	temp/spectra_filtered.mgf26194	26194	1	"NCGC00384950-01!19-hydroxy-18-[3,4,5-trihydroxy-6-(hydroxymethyl)oxan-2-yl]oxyicosanoic acid"	ESI	Orbitrap	Isolated	Tomas Pluskal	Corinna Brungs	[M-H]-	505.338	506.345	1	N/A	N/A	CC(O)C(CCCCCCCCCCCCCCCCC(=O)O)OC1OC(CO)C(O)C(O)C1O	"InChI=1S/C26H50O9/c1-19(28)20(34-26-25(33)24(32)23(31)21(18-27)35-26)16-14-12-10-8-6-4-2-3-5-7-9-11-13-15-17-22(29)30/h19-21,23-28,31-33H,2-18H2,1H3,(H,29,30)"	GYUCMTKUEQLBJW-UHFFFAOYSA-N	1	Negative	MSNLIB-NEGATIVE	505.338	UPDATE-SINGLE-ANNOTATED-GOLD	Gold		C26H50O9	GYUCMTKUEQLBJW-UHFFFAOYSA-N	GYUCMTKUEQLBJW	N/A	N/A	N/A	Fatty acyl glycosides	Fatty acyl glycosides of mono- and disaccharides	Fatty acids	mzspec:GNPS:GNPS-LIBRARY:CCMSLIB00012408842
CCMSLIB00005724858	27360	spectra_filtered.mgf	GNPS-LIBRARY.mgf	0.709541	4078070.0	0	0.0931205	7	6.10352E-05	655.443	-1	temp/spectra_filtered.mgf27360	27360	1	"(10E,15E)-9,12,13-trihydroxyoctadeca-10,15-dienoic acid"	ESI	Orbitrap	Isolated	Wolfender	Luis Quiros-Guerrero	2M-H	655.443	328.225	-1	N/A	N/A	CC/C=C/CC(C(/C=C/C(CCCCCCCC(O)=O)O)O)O	"InChI=1S/C18H32O5/c1-2-3-7-11-16(20)17(21)14-13-15(19)10-8-5-4-6-9-12-18(22)23/h3,7,13-17,19-21H,2,4-6,8-12H2,1H3,(H,22,23)"	N/A	1	Negative	GNPS-LIBRARY	655.443	UPDATE-SINGLE-ANNOTATED-GOLD	Gold		C18H32O5	MKYUCBXUUSZMQB-NMABCHCUSA-N	MKYUCBXUUSZMQB	Lipids and lipid-like molecules	Fatty Acyls	Lineolic acids and derivatives	Octadecanoids	Other Octadecanoids	Fatty acids	mzspec:GNPS:GNPS-LIBRARY:CCMSLIB00005724858
CCMSLIB00004716453	12106	spectra_filtered.mgf	MONA.mgf	0.708935	2272910.0	0	64.3505	7	0.0153809	239.032	0	temp/spectra_filtered.mgf12106	12106	1	Cystine	N/A	ESI-QFT	isolated	MoNA	MoNA:VF-NPL-QEHF025390	[M-H]-	239.017	0.0	1	N/A	N/A	NC(CSSCC(N)C(=O)O)C(=O)O	"InChI=1S/C6H12N2O4S2/c7-3(5(9)10)1-13-14-2-4(8)6(11)12/h3-4H,1-2,7-8H2,(H,9,10)(H,11,12)"	N/A	3	negative	MONA	239.017	UPDATE-SINGLE-ANNOTATED-BRONZE	Bronze		C6H12N2O4S2	LEVWYRKDKASIDU-UHFFFAOYSA-N	LEVWYRKDKASIDU	Organic acids and derivatives	Carboxylic acids and derivatives	"Amino acids, peptides, and analogues"	Small peptides	Aminoacids	Amino acids and Peptides	mzspec:GNPS:GNPS-LIBRARY:CCMSLIB00004716453
CCMSLIB00012351614	62341	spectra_filtered.mgf	MSNLIB-NEGATIVE.mgf	0.706305	158071.0	0	1.68986	5	0.000579834	343.124	0	temp/spectra_filtered.mgf62341	62341	1	Isomalt	ESI	Orbitrap	Crude	Tomas Pluskal	Corinna Brungs	[M-H]-	343.125	344.132	1	N/A	N/A	OCC(O)[C@@H](O)[C@H](O)[C@H](O)CO[C@H]1O[C@H](CO)[C@@H](O)[C@H](O)[C@H]1O	"InChI=1S/C12H24O11/c13-1-4(15)7(17)8(18)5(16)3-22-12-11(21)10(20)9(19)6(2-14)23-12/h4-21H,1-3H2/t4?,5-,6-,7-,8-,9-,10+,11-,12+/m1/s1"	SERLAGPUMNYUCK-BLEZHGCXSA-N	1	Negative	MSNLIB-NEGATIVE	343.125	UPDATE-SINGLE-ANNOTATED-GOLD	Gold		C12H24O11	SERLAGPUMNYUCK-BLEZHGCXSA-N	SERLAGPUMNYUCK	Lipids and lipid-like molecules	Fatty Acyls	Fatty acyl glycosides				mzspec:GNPS:GNPS-LIBRARY:CCMSLIB00012351614
CCMSLIB00010067684	10322	spectra_filtered.mgf	PNNL-LIPIDS-NEGATIVE.mgf	0.70553	838466.0	0	1.70846	5	0.0012207	714.508	-1	temp/spectra_filtered.mgf10322	10322	1	PE(16:1/18:1); [M-H]- C39H73N1O8P1	LC-ESI	HCD; Velos	Commercial	Thomas Metz	Thomas Metz	M-H	714.507	0.0	1	N/A	N/A	N/A	N/A	N/A	1	Negative	PNNL-LIPIDS-NEGATIVE	714.507	UPDATE-SINGLE-ANNOTATED-GOLD	Gold		N/A	N/A	N/A	N/A	N/A	N/A	N/A	N/A	N/A	mzspec:GNPS:GNPS-LIBRARY:CCMSLIB00010067684
CCMSLIB00012351663	62359	spectra_filtered.mgf	MSNLIB-NEGATIVE.mgf	0.703714	130024.0	0	2.41327	5	0.000427246	177.04	-1	temp/spectra_filtered.mgf62359	62359	1	L-Gulonolactone	ESI	Orbitrap	Crude	Tomas Pluskal	Corinna Brungs	[M-H]-	177.04	178.048	1	N/A	N/A	O=C1O[C@H]([C@@H](O)CO)[C@H](O)[C@@H]1O	"InChI=1S/C6H10O6/c7-1-2(8)5-3(9)4(10)6(11)12-5/h2-5,7-10H,1H2/t2-,3+,4-,5+/m0/s1"	SXZYCXMUPBBULW-SKNVOMKLSA-N	1	Negative	MSNLIB-NEGATIVE	177.04	UPDATE-SINGLE-ANNOTATED-GOLD	Gold		C6H10O6	SXZYCXMUPBBULW-SKNVOMKLSA-N	SXZYCXMUPBBULW	Organoheterocyclic compounds	Lactones	Gamma butyrolactones			Carbohydrates	mzspec:GNPS:GNPS-LIBRARY:CCMSLIB00012351663
CCMSLIB00004691641	57574	spectra_filtered.mgf	MONA.mgf	0.700737	302304.0	0	0.894658	7	0.000305176	341.109	-1	temp/spectra_filtered.mgf57574	57574	1	isomaltulose	N/A	ESI-QFT	isolated	MoNA	MoNA:VF-NPL-QEHF000578	[M-H]-	341.109	0.0	1	N/A	N/A	OC[C@H]1O[C@H](OC[C@H]2OC(O)(CO)[C@@H](O)[C@@H]2O)[C@H](O)[C@@H](O)[C@@H]1O	"InChI=1S/C12H22O11/c13-1-4-6(15)8(17)9(18)11(22-4)21-2-5-7(16)10(19)12(20,3-14)23-5/h4-11,13-20H,1-3H2/t4-,5-,6-,7-,8+,9-,10+,11+,12?/m1/s1"	N/A	3	negative	MONA	341.109	UPDATE-SINGLE-ANNOTATED-BRONZE	Bronze		C12H22O11	PVXPPJIGRGXGCY-TZLCEDOOSA-N	PVXPPJIGRGXGCY	Organic oxygen compounds	Organooxygen compounds	Carbohydrates and carbohydrate conjugates	Saccharides	Disaccharides	Carbohydrates	mzspec:GNPS:GNPS-LIBRARY:CCMSLIB00004691641